nombre,direccion,telefono,categoria,ubicacion,valoracion,num_reseñas,tiene_web,website,google_maps_link,tipo,estado,fecha_generacion,fecha_contacto,url_demo,notas
Alumidina carpintería de aluminio y pvc,"Carrer del Rosselló, 369, tienda 1, Gràcia, 08025 Barcelona, España",+34 601 49 64 53,carpintero aluminio,Barcelona,4.9,0,False,,,Carpintería metálica y de aluminio,demo_ready,2026-01-03 01:27,,https://mack009seo.github.io/localweb-sites/alumidina-carpintería-de-aluminio-y-pvc/,
Carpinteria de aluminio Jos-mar SL.,"Carrer de Cardó, 9, Sants-Montjuïc, 08028 Barcelona, España",+34 934 11 02 90,carpintero aluminio,Barcelona,5,0,False,,,Carpintería metálica y de aluminio,demo_ready,2026-01-03 01:27,,https://mack009seo.github.io/localweb-sites/carpinteria-de-aluminio-jos-mar-sl/,
CARPINTERIA DE ALUMINIO ALUXLINEA S.L.,"Carrer del Molí, 53, Nou Barris, 08016 Barcelona, España",+34 933 53 74 59,carpintero aluminio,Barcelona,1,0,False,,,Carpintero,demo_ready,2026-01-03 01:27,,https://mack009seo.github.io/localweb-sites/carpinteria-de-aluminio-aluxlinea-sl/,
ELECTRICISTA LEANDRO,"Carrer de los Castillejos, 251, Eixample, 08013 Barcelona, España",+34 615 61 01 39,electricista,Barcelona,5,0,False,,,Electricista,demo_ready,2026-01-03 01:27,,https://mack009seo.github.io/localweb-sites/electricista-leandro/,
Electricista Pompeya 24h,"Av. de Catalunya, 73, 77, 08905 L'Hospitalet de Llobregat, Barcelona, España",+34 632 92 35 29,electricista,Barcelona,4.9,0,False,,,Electricista,demo_ready,2026-01-03 01:27,,https://mack009seo.github.io/localweb-sites/electricista-pompeya-24h/,
"Lampistería María K, Lampista","Carrer de la Marina, 234, Eixample, 08013 Barcelona, España",+34 935 41 87 02,electricista,Barcelona,4.9,0,False,,,Electricista,demo_ready,2026-01-03 01:27,,https://mack009seo.github.io/localweb-sites/lampistería-maría-k-lampista/,
RM CLIMATIZACIÓN AEROTERMIA Y REFRIGERACIÓN,"Carrer de Floridablanca, 101, Eixample, 08015 Barcelona, España",+34 630 24 89 41,aire acondicionado,Barcelona,4.9,0,False,,,Empresa de climatización,demo_ready,2026-01-03 01:27,,https://mack009seo.github.io/localweb-sites/rm-climatización-aerotermia-y-refrigeración/,
Instalador de aires acondicionados FS instal·lacions,"Carrer de José Millán González, numero 6, Horta-Guinardó, 08024 Barcelona, España",,aire acondicionado,Barcelona,4.8,0,False,,,Servicio de reparación de aire acondicionado,demo_ready,2026-01-03 01:27,,https://mack009seo.github.io/localweb-sites/instalador-de-aires-acondicionados-fs-installacions/,
AMJ PINTORES BARCELONA,"Carrer de la Foneria, 18, 1ro, 2da, Sants-Montjuïc, 08038 Barcelona, España",+34 651 91 17 21,pintor decorator,Barcelona,5,0,False,,,Pintor,demo_ready,2026-01-03 01:27,,https://mack009seo.github.io/localweb-sites/amj-pintores-barcelona/,
Jardinero Eixample Barcelona,"Carrer de València, 307, Eixample, 08009 Barcelona, España",+34 617 35 81 00,jardinero,Barcelona,0,0,False,,,Servicios de mantenimiento arbóreo,demo_ready,2026-01-03 01:27,,https://mack009seo.github.io/localweb-sites/jardinero-eixample-barcelona/,
Basicgarden,"Travessera de les Corts, 196, Les Corts, 08028 Barcelona, España",+34 652 01 45 41,jardinero,Barcelona,4.6,0,False,,,Jardinero,demo_ready,2026-01-03 01:39,,https://mack009seo.github.io/localweb-sites/basicgarden/,
Jarclos,"Carrer de Collserola, 22, Gràcia, 08035 Barcelona, España",+34 934 18 32 06,jardinero,Barcelona,4.1,0,False,,,Centro de jardinería,demo_ready,2026-01-03 01:39,,https://mack009seo.github.io/localweb-sites/jarclos/,
Del&San,"Carrer d'Aragó, 366, planta baja, Eixample, 08009 Barcelona, España",+34 628 91 10 63,limpieza fachadas,Barcelona,4.7,0,False,,,Servicio de limpieza doméstica,demo_ready,2026-01-03 01:39,,https://mack009seo.github.io/localweb-sites/delsan/,
Rehabilitación de Tejados Tapar en Barcelona,"Ronda de la Guineueta Vella, 54, Nou Barris, 08042 Barcelona, España",+34 931 31 78 68,limpieza fachadas,Barcelona,5,0,False,,,Servicio de restauración de edificios,demo_ready,2026-01-03 01:39,,https://mack009seo.github.io/localweb-sites/rehabilitación-de-tejados-tapar-en-barcelona/,
LUCIN COCINAS - REFORMA DE INTERIORES.,"Carrer Caterina Albert, 12 - 14, 08907 L'Hospitalet de Llobregat, Barcelona, España",+34 635 85 26 32,reformas cocina,L'Hospitalet de Llobregat,4.9,0,False,,,,demo_ready,2026-01-03 01:39,,https://mack009seo.github.io/localweb-sites/lucin-cocinas-reforma-de-interiores/,
"Ikra Reformas e Interiorismo, S.L.","Av. de Ventura Gassol, 15, 08901 L'Hospitalet de Llobregat, Barcelona, España",+34 933 38 51 33,reformas cocina,L'Hospitalet de Llobregat,5,0,False,,,Reformas,demo_ready,2026-01-03 01:39,,https://mack009seo.github.io/localweb-sites/ikra-reformas-e-interiorismo-sl/,
REFORMAS HOSPITALET,"Carrer Príncep de Bergara, 40, 08901 L'Hospitalet de Llobregat, Barcelona, España",,reformas cocina,L'Hospitalet de Llobregat,3.9,0,False,,,Reformas de cocinas,demo_ready,2026-01-03 01:39,,https://mack009seo.github.io/localweb-sites/reformas-hospitalet/,
Reformes TOT I MÉS,"Av. d'Europa, 27, 08907 L'Hospitalet de Llobregat, Barcelona, España",+34 699 77 00 93,reformas cocina,L'Hospitalet de Llobregat,4.7,0,False,,,Reformas,demo_ready,2026-01-03 01:39,,https://mack009seo.github.io/localweb-sites/reformes-tot-i-més/,
Reformas AJ MENA,"Rambla de la Marina, 181, 08907 L'Hospitalet de Llobregat, Barcelona, España",+34 933 36 41 02,reformas cocina,L'Hospitalet de Llobregat,4.9,0,False,,,Reformas,demo_ready,2026-01-03 01:39,,https://mack009seo.github.io/localweb-sites/reformas-aj-mena/,
San Josep Banys I Cuines,"Carrer d'Enric Prat de la Riba, 86, 08901 L'Hospitalet de Llobregat, Barcelona, España",+34 930 15 33 37,reformas cocina,L'Hospitalet de Llobregat,4.1,0,False,,,Persona de mantenimiento,demo_ready,2026-01-03 01:39,,https://mack009seo.github.io/localweb-sites/san-josep-banys-i-cuines/,
Reformes TOT I MÉS,"Av. d'Europa, 27, 08907 L'Hospitalet de Llobregat, Barcelona, España",+34 699 77 00 93,reformas baño,L'Hospitalet de Llobregat,4.7,0,False,,,Reformas,demo_ready,2026-01-03 01:39,,https://mack009seo.github.io/localweb-sites/reformes-tot-i-més/,
Reformas AJ MENA,"Rambla de la Marina, 181, 08907 L'Hospitalet de Llobregat, Barcelona, España",+34 933 36 41 02,reformas baño,L'Hospitalet de Llobregat,4.9,0,False,,,Reformas,demo_ready,2026-01-03 01:39,,https://mack009seo.github.io/localweb-sites/reformas-aj-mena/,
San Josep Banys I Cuines,"Carrer d'Enric Prat de la Riba, 86, 08901 L'Hospitalet de Llobregat, Barcelona, España",+34 930 15 33 37,reformas baño,L'Hospitalet de Llobregat,4.1,0,False,,,Persona de mantenimiento,demo_ready,2026-01-03 01:39,,https://mack009seo.github.io/localweb-sites/san-josep-banys-i-cuines/,
"Ikra Reformas e Interiorismo, S.L.","Av. de Ventura Gassol, 15, 08901 L'Hospitalet de Llobregat, Barcelona, España",+34 933 38 51 33,reformas baño,L'Hospitalet de Llobregat,5,0,False,,,Reformas,demo_ready,2026-01-03 01:39,,https://mack009seo.github.io/localweb-sites/ikra-reformas-e-interiorismo-sl/,
Reformas J y P,"Carrer de Sort, 29, 08904 L'Hospitalet de Llobregat, Barcelona, España",+34 623 50 29 09,reformas baño,L'Hospitalet de Llobregat,4.3,0,False,,,Reformas de baños,demo_ready,2026-01-03 01:39,,https://mack009seo.github.io/localweb-sites/reformas-j-y-p/,
Codina,"Carrer de Rafael Campalans, 18-20, 08903 L'Hospitalet de Llobregat, Barcelona, España",+34 630 13 87 82,reformas baño,L'Hospitalet de Llobregat,4.6,0,False,,,Reformas,demo_ready,2026-01-03 01:39,,https://mack009seo.github.io/localweb-sites/codina/,
REFORMAS HOSPITALET,"Carrer Príncep de Bergara, 40, 08901 L'Hospitalet de Llobregat, Barcelona, España",,reformas baño,L'Hospitalet de Llobregat,3.9,0,False,,,Reformas de baños,demo_ready,2026-01-03 01:39,,https://mack009seo.github.io/localweb-sites/reformas-hospitalet/,
"Ikra Reformas e Interiorismo, S.L.","Av. de Ventura Gassol, 15, 08901 L'Hospitalet de Llobregat, Barcelona, España",+34 933 38 51 33,reformas integrales,L'Hospitalet de Llobregat,5,0,False,,,Reformas,demo_ready,2026-01-03 01:39,,https://mack009seo.github.io/localweb-sites/ikra-reformas-e-interiorismo-sl/,
Reformes TOT I MÉS,"Av. d'Europa, 27, 08907 L'Hospitalet de Llobregat, Barcelona, España",+34 699 77 00 93,reformas integrales,L'Hospitalet de Llobregat,4.7,0,False,,,Reformas,demo_ready,2026-01-03 01:39,,https://mack009seo.github.io/localweb-sites/reformes-tot-i-més/,
Reformas Loaiza,"Carrer del Llorer, 51, 08905 L'Hospitalet de Llobregat, Barcelona, España",+34 632 55 55 43,reformas integrales,L'Hospitalet de Llobregat,4.6,0,False,,,Reformas,demo_ready,2026-01-03 01:39,,https://mack009seo.github.io/localweb-sites/reformas-loaiza/,
Reformas.integral,"Avinguda de Tomàs Giménez, 08906 L'Hospitalet de Llobregat, Barcelona, España",+34 666 65 77 83,reformas integrales,L'Hospitalet de Llobregat,0,0,False,,,Reformas,demo_ready,2026-01-03 01:39,,https://mack009seo.github.io/localweb-sites/reformasintegral/,
Carpinteria de Alumino J.Julve S.L.,"alujulve@hotmail.com, Av. del Carrilet, 104, 08902 L'Hospitalet de Llobregat, Barcelona, España",+34 933 31 61 38,carpintero aluminio,L'Hospitalet de Llobregat,4.8,0,False,,,Carpintería metálica y de aluminio,demo_ready,2026-01-03 01:39,,https://mack009seo.github.io/localweb-sites/carpinteria-de-alumino-jjulve-sl/,
Carpintería de Aluminio Miguel Angel Calso,"Carrer Mina, 69, 08906 L'Hospitalet de Llobregat, Barcelona, España",+34 934 37 08 54,carpintero aluminio,L'Hospitalet de Llobregat,4.8,0,False,,,Carpintería metálica y de aluminio,demo_ready,2026-01-03 01:39,,https://mack009seo.github.io/localweb-sites/carpintería-de-aluminio-miguel-angel-calso/,
Carpintería de Aluminio Hnos. Paredes,"Avinguda d'Isabel la Catòlica, 97, 08906 L'Hospitalet de Llobregat, Barcelona, España",+34 934 37 76 20,carpintero aluminio,L'Hospitalet de Llobregat,4.6,0,False,,,Carpintería metálica y de aluminio,demo_ready,2026-01-03 01:39,,https://mack009seo.github.io/localweb-sites/carpintería-de-aluminio-hnos-paredes/,
Carpinteria de aluminio Aluvizu Decor,"Carrer Orient, 11, 08904 L'Hospitalet de Llobregat, Barcelona, España",+34 934 49 75 82,carpintero aluminio,L'Hospitalet de Llobregat,3.9,0,False,,,Carpintería metálica y de aluminio,demo_ready,2026-01-03 01:39,,https://mack009seo.github.io/localweb-sites/carpinteria-de-aluminio-aluvizu-decor/,
Aluminios Guerrero BCN,"Carrer de l'Estronci, 51, 08906 L'Hospitalet de Llobregat, Barcelona, España",+34 677 73 26 35,carpintero aluminio,L'Hospitalet de Llobregat,4,0,False,,,Carpintería metálica y de aluminio,demo_ready,2026-01-03 01:39,,https://mack009seo.github.io/localweb-sites/aluminios-guerrero-bcn/,
Carpintería Aluminio Parras,"Carrer de Sanfeliu, 17, 08906 L'Hospitalet de Llobregat, Barcelona, España",+34 932 60 14 06,carpintero aluminio,L'Hospitalet de Llobregat,4.1,0,False,,,Carpintería metálica y de aluminio,demo_ready,2026-01-03 01:39,,https://mack009seo.github.io/localweb-sites/carpintería-aluminio-parras/,
MONTAJE CMG 2022 S.L,"Avinguda de Can Serra, 92, bajo E1, 08906 L'Hospitalet de Llobregat, Barcelona, España",+34 611 70 29 38,carpintero aluminio,L'Hospitalet de Llobregat,3.5,0,False,,,Carpintería metálica y de aluminio,demo_ready,2026-01-03 01:39,,https://mack009seo.github.io/localweb-sites/montaje-cmg-2022-sl/,
Carpintería José Ferreiro,"Ronda de la Via, 59, 08903 L'Hospitalet de Llobregat, Barcelona, España",+34 933 32 32 09,carpintero aluminio,L'Hospitalet de Llobregat,5,0,False,,,Carpintería metálica y de aluminio,demo_ready,2026-01-03 01:39,,https://mack009seo.github.io/localweb-sites/carpintería-josé-ferreiro/,
Fontanería Pompeya 24h.,"Av. de Catalunya, 73-77, Local 1, 08905 L'Hospitalet de Llobregat, Barcelona, España",+34 631 46 61 67,fontanero,L'Hospitalet de Llobregat,4.5,0,False,,,Fontanero,demo_ready,2026-01-03 01:39,,https://mack009seo.github.io/localweb-sites/fontanería-pompeya-24h/,
Mi espacio int,"Carrer Provença, 52-56, 08901 L'Hospitalet de Llobregat, Barcelona, España",+34 634 13 63 32,fontanero,L'Hospitalet de Llobregat,5,0,False,,,Fontanero,demo_ready,2026-01-03 01:39,,https://mack009seo.github.io/localweb-sites/mi-espacio-int/,
Fontanero en bellvitge,"Rambla de la Marina, 243, 08907 L'Hospitalet de Llobregat, Barcelona, España",+34 661 69 11 00,fontanero,L'Hospitalet de Llobregat,4.7,0,False,,,Fontanero,demo_ready,2026-01-03 01:39,,https://mack009seo.github.io/localweb-sites/fontanero-en-bellvitge/,
Electricista Pompeya 24h,"Av. de Catalunya, 73, 77, 08905 L'Hospitalet de Llobregat, Barcelona, España",+34 632 92 35 29,fontanero,L'Hospitalet de Llobregat,4.9,0,False,,,Fontanero,demo_ready,2026-01-03 01:27,,https://mack009seo.github.io/localweb-sites/electricista-pompeya-24h/,
"Fontanero,electricista,pintor, reformas, lampista","Plaça de Provençana, 08902 L'Hospitalet de Llobregat, Barcelona, España",+34 602 80 99 41,fontanero,L'Hospitalet de Llobregat,5,0,False,,,Fontanero,demo_ready,2026-01-03 01:39,,https://mack009seo.github.io/localweb-sites/fontaneroelectricistapintor-reformas-lampista/,
Macris,"Carrer de les Aigües del Llobregat, 51, 08905 L'Hospitalet de Llobregat, Barcelona, España",+34 934 49 13 22,fontanero,L'Hospitalet de Llobregat,5,0,False,,,Fontanero,demo_ready,2026-01-03 01:39,,https://mack009seo.github.io/localweb-sites/macris/,
Electricista Pompeya 24h,"Av. de Catalunya, 73, 77, 08905 L'Hospitalet de Llobregat, Barcelona, España",+34 632 92 35 29,electricista,L'Hospitalet de Llobregat,4.9,0,False,,,Electricista,demo_ready,2026-01-03 01:27,,https://mack009seo.github.io/localweb-sites/electricista-pompeya-24h/,
El Manetes Del Centre,"Carrer de l'Església, 55, Local 1, 08901 L'Hospitalet de Llobregat, Barcelona, España",+34 619 90 01 81,electricista,L'Hospitalet de Llobregat,4.9,0,False,,,Electricista,demo_ready,2026-01-03 01:39,,https://mack009seo.github.io/localweb-sites/el-manetes-del-centre/,
Instalaciones Lamai,"Carrer Martí Codolar, 47, 08902 L'Hospitalet de Llobregat, Barcelona, España",+34 602 60 06 86,electricista,L'Hospitalet de Llobregat,5,0,False,,,Electricista,demo_ready,2026-01-03 01:39,,https://mack009seo.github.io/localweb-sites/instalaciones-lamai/,
Instalaciones DFG,"08901 L'Hospitalet de Llobregat, Barcelona, España",+34 684 14 93 14,electricista,L'Hospitalet de Llobregat,5,0,False,,,Electricista,demo_ready,2026-01-03 01:39,,https://mack009seo.github.io/localweb-sites/instalaciones-dfg/,
O P Instal Sl | Electricista Hospitalet de Llobregat,"Carrer de la Igualtat, 30, 08902 L'Hospitalet de Llobregat, Barcelona, España",+34 640 51 30 60,electricista,L'Hospitalet de Llobregat,0,0,False,,,Electricista,demo_ready,2026-01-03 01:39,,https://mack009seo.github.io/localweb-sites/o-p-instal-sl-electricista-hospitalet-de-llobregat/,
Conductos de Aire Acondicionado los Gallegos S.L.,"Carrer Josep Maria de Sagarra, 41, 08901 L'Hospitalet de Llobregat, Barcelona, España",+34 932 61 52 80,aire acondicionado,L'Hospitalet de Llobregat,5,0,False,,,Contratista de aire acondicionado,demo_ready,2026-01-03 01:39,,https://mack009seo.github.io/localweb-sites/conductos-de-aire-acondicionado-los-gallegos-sl/,
Solarnavy | Instalación de paneles solares,,,instalador placas solares,L'Hospitalet de Llobregat,5,0,False,,,Solar energy company,demo_ready,2026-01-03 01:39,,https://mack009seo.github.io/localweb-sites/solarnavy-instalación-de-paneles-solares/,
El Pintor del Barrio,"Rambla de la Marina, 341, 08907 L'Hospitalet de Llobregat, Barcelona, España",+34 626 20 66 36,pintor decorator,L'Hospitalet de Llobregat,5,0,False,,,Pintor,demo_ready,2026-01-03 01:39,,https://mack009seo.github.io/localweb-sites/el-pintor-del-barrio/,
Pintures i Deco L Hospitalet. Tienda de pinturas y decoración.,"Carrer de la Muntanya, 6, 08901 L'Hospitalet de Llobregat, Barcelona, España",+34 683 14 45 50,pintor decorator,L'Hospitalet de Llobregat,4.6,0,False,,,Pintura,demo_ready,2026-01-03 01:39,,https://mack009seo.github.io/localweb-sites/pintures-i-deco-l-hospitalet-tienda-de-pinturas-y-decoración/,
Pintores La remunta,"Carrer Major, 78, 08901 L'Hospitalet de Llobregat, Barcelona, España",+34 680 91 50 13,pintor decorator,L'Hospitalet de Llobregat,0,0,False,,,Pintor,demo_ready,2026-01-03 01:39,,https://mack009seo.github.io/localweb-sites/pintores-la-remunta/,
PINTOR MORA SL,"Carrer de Covadonga, 9, 08906 L'Hospitalet de Llobregat, Barcelona, España",+34 666 55 52 34,pintor decorator,L'Hospitalet de Llobregat,0,0,False,,,Pintor,demo_ready,2026-01-03 01:39,,https://mack009seo.github.io/localweb-sites/pintor-mora-sl/,
Pintores Sant Josep,"Riera de la Creu, 23, 08901 L'Hospitalet de Llobregat, Barcelona, España",+34 612 26 26 90,pintor decorator,L'Hospitalet de Llobregat,0,0,False,,,Pintor,demo_ready,2026-01-03 01:39,,https://mack009seo.github.io/localweb-sites/pintores-sant-josep/,
Decoart,"Carr. de Collblanc, 08906 L'Hospitalet de Llobregat, Barcelona, España",,pintor decorator,L'Hospitalet de Llobregat,0,0,False,,,Pintor,demo_ready,2026-01-03 01:39,,https://mack009seo.github.io/localweb-sites/decoart/,
Wally Pinturas,"Carrer de Rosalia de Castro, 7, 08901 L'Hospitalet de Llobregat, Barcelona, España",,pintor decorator,L'Hospitalet de Llobregat,0,0,False,,,Pintor,demo_ready,2026-01-03 01:39,,https://mack009seo.github.io/localweb-sites/wally-pinturas/,
Florworld Garden Services S L,"Gran Via, 08908 Hospitalet De Llobregat ( L'), Barcelona, España",+34 932 63 77 54,jardinero,L'Hospitalet de Llobregat,0,0,False,,,Jardinero,demo_ready,2026-01-03 01:39,,https://mack009seo.github.io/localweb-sites/florworld-garden-services-s-l/,
novanatura.jardineria,,+34 622 15 94 11,jardinero,L'Hospitalet de Llobregat,0,0,False,,,Jardinero,demo_ready,2026-01-03 01:39,,https://mack009seo.github.io/localweb-sites/novanaturajardineria/,
Floristeria Jardinet,"Carrer d'Enric Prat de la Riba, 162, 08901 L'Hospitalet de Llobregat, Barcelona, España",+34 933 37 99 80,jardinero,L'Hospitalet de Llobregat,3.8,0,False,,,Floristería,demo_ready,2026-01-03 01:39,,https://mack009seo.github.io/localweb-sites/floristeria-jardinet/,
Cañamas Jardins,,+34 646 84 11 46,jardinero,L'Hospitalet de Llobregat,0,0,False,,,Jardinero,demo_ready,2026-01-03 01:39,,https://mack009seo.github.io/localweb-sites/cañamas-jardins/,
Agencia Font,"Carrer Font, 64, 08905 L'Hospitalet de Llobregat, Barcelona, España",+34 602 09 86 81,jardinero,L'Hospitalet de Llobregat,5,0,False,,,Jardinero,demo_ready,2026-01-03 01:39,,https://mack009seo.github.io/localweb-sites/agencia-font/,
Floristeria Grow Carmen,"Carrer de Marcel·lí Esquius, 59, 08905 L'Hospitalet de Llobregat, Barcelona, España",+34 934 37 05 61,jardinero,L'Hospitalet de Llobregat,4.6,0,False,,,Floristería,demo_ready,2026-01-03 01:39,,https://mack009seo.github.io/localweb-sites/floristeria-grow-carmen/,
Jose Antonio Martinez López,,+34 648 52 82 06,jardinero,L'Hospitalet de Llobregat,0,0,False,,,Jardinero,demo_ready,2026-01-03 01:39,,https://mack009seo.github.io/localweb-sites/jose-antonio-martinez-lópez/,
Cerrajero Alex L'Hospitalet de Llobregat,"Carrer de Vallparda, 08904 L'Hospitalet de Llobregat, Barcelona, España",+34 680 14 96 70,cerrajero,L'Hospitalet de Llobregat,5,0,False,,,Servei de serralleria d’urgències,demo_ready,2026-01-03 01:39,,https://mack009seo.github.io/localweb-sites/cerrajero-alex-lhospitalet-de-llobregat/,
Cerrajería Tecnillaves,"Carrer d'Enric Prat de la Riba, 222, 08901 L'Hospitalet de Llobregat, Barcelona, España",+34 666 63 65 53,cerrajero,L'Hospitalet de Llobregat,5,0,False,,,Botiga de panys,demo_ready,2026-01-03 01:39,,https://mack009seo.github.io/localweb-sites/cerrajería-tecnillaves/,
Limpiezas Hospitalet de Llobregat - Empresa de limpieza,"Carrer de l'Ermita de Bellvitge, 43, 08907 L'Hospitalet de Llobregat, Barcelona, España",+34 644 57 12 07,limpieza fachadas,L'Hospitalet de Llobregat,5,0,False,,,Servicios de limpieza,demo_ready,2026-01-03 01:39,,https://mack009seo.github.io/localweb-sites/limpiezas-hospitalet-de-llobregat-empresa-de-limpieza/,
mcnet servicios de limpieza integrales,"Av. Electricitat, 6, local 5, 08906 L'Hospitalet de Llobregat, Barcelona, España",+34 934 37 39 65,limpieza fachadas,L'Hospitalet de Llobregat,4.6,0,False,,,Servicios de limpieza,demo_ready,2026-01-03 01:39,,https://mack009seo.github.io/localweb-sites/mcnet-servicios-de-limpieza-integrales/,
FACHADAS Y BAJANTES S.L,"Carrer Llobregat, 53, 08904 L'Hospitalet de Llobregat, Barcelona, España",+34 663 90 44 47,limpieza fachadas,L'Hospitalet de Llobregat,0,0,False,,,Reformas,demo_ready,2026-01-03 01:39,,https://mack009seo.github.io/localweb-sites/fachadas-y-bajantes-sl/,
"On Interiorisme, cuines i banys, SL","Pça. de Bac de Roda, 9, 08915 Badalona, Barcelona, España",+34 934 65 54 73,reformas cocina,Badalona,4.6,0,False,,,Reformas de cocinas,demo_ready,2026-01-03 01:39,,https://mack009seo.github.io/localweb-sites/on-interiorisme-cuines-i-banys-sl/,
G&G Reformas,,+34 621 01 29 74,reformas cocina,Badalona,4.8,0,False,,,Reformas,demo_ready,2026-01-03 01:39,,https://mack009seo.github.io/localweb-sites/gg-reformas/,
"totdecor tot cuina, s.l","Av. de Llenguadoc, 39, 08915 Badalona, Barcelona, España",+34 933 99 76 89,reformas cocina,Badalona,3.8,0,False,,,Fábrica de muebles,demo_ready,2026-01-03 01:39,,https://mack009seo.github.io/localweb-sites/totdecor-tot-cuina-sl/,
G&G Reformas,,+34 621 01 29 74,reformas baño,Badalona,4.8,0,False,,,Reformas,demo_ready,2026-01-03 01:39,,https://mack009seo.github.io/localweb-sites/gg-reformas/,
G&G Reformas,,+34 621 01 29 74,reformas integrales,Badalona,4.8,0,False,,,Reformas,demo_ready,2026-01-03 01:39,,https://mack009seo.github.io/localweb-sites/gg-reformas/,
Reformas Integrales Badalona Mario,,+34 612 47 02 51,reformas integrales,Badalona,3,0,False,,,Reformas,demo_ready,2026-01-03 01:39,,https://mack009seo.github.io/localweb-sites/reformas-integrales-badalona-mario/,
Ensalum,"Carrer del General Weyler, 117, 08912 Badalona, Barcelona, España",+34 933 83 96 53,carpintero aluminio,Badalona,4,0,False,,,Carpintería metálica y de aluminio,demo_ready,2026-01-03 01:39,,https://mack009seo.github.io/localweb-sites/ensalum/,
Carpinteria De Aluminio Cristaleria TJ,"Carrer de Rius i Taulet, 13, 08913 Badalona, Barcelona, España",+34 933 83 39 58,carpintero aluminio,Badalona,4.6,0,False,,,Carpintero,demo_ready,2026-01-03 01:39,,https://mack009seo.github.io/localweb-sites/carpinteria-de-aluminio-cristaleria-tj/,
Aluminios Y metales Realce S.L.U,"Carrer Sant Agustí, 2, Local esquinero, 08915 Badalona, Barcelona, España",+34 661 07 85 07,carpintero aluminio,Badalona,4.8,0,False,,,Carpintería metálica y de aluminio,demo_ready,2026-01-03 01:39,,https://mack009seo.github.io/localweb-sites/aluminios-y-metales-realce-slu/,
Carpintería Metálica Imi,"Carrer de Ramon Martí Alsina, 48, 08911 Badalona, Barcelona, España",+34 933 99 02 01,carpintero aluminio,Badalona,4.5,0,False,,,Carpintería metálica y de aluminio,demo_ready,2026-01-03 01:39,,https://mack009seo.github.io/localweb-sites/carpintería-metálica-imi/,
Moder Alum,"Carrer de Chopin, 27, 29, 08917 Badalona, Barcelona, España",+34 933 99 11 05,carpintero aluminio,Badalona,3.2,0,False,,,Carpintería metálica y de aluminio,demo_ready,2026-01-03 01:39,,https://mack009seo.github.io/localweb-sites/moder-alum/,
Carpintería de aluminio y hierro ALUCLAVER,"Carrer de Venus, 13, 08914 Badalona, Barcelona, España",+34 933 83 82 08,carpintero aluminio,Badalona,5,0,False,,,Taller de metalurgia,demo_ready,2026-01-03 01:39,,https://mack009seo.github.io/localweb-sites/carpintería-de-aluminio-y-hierro-aluclaver/,
BADAMETAL,"Carrer de Nàpols, 42, 08914 Badalona, Barcelona, España",+34 933 99 41 43,carpintero aluminio,Badalona,4.2,0,False,,,Carpintería metálica y de aluminio,demo_ready,2026-01-03 01:39,,https://mack009seo.github.io/localweb-sites/badametal/,
Alfonso Montilla Corral,"Carrer de Liszt, 69, 08917 Badalona, Barcelona, España",+34 933 83 90 08,carpintero aluminio,Badalona,3.7,0,False,,,Carpintería metálica y de aluminio,demo_ready,2026-01-03 01:39,,https://mack009seo.github.io/localweb-sites/alfonso-montilla-corral/,
Carpintería keysi’s alumini,"Carrer del Mariscal Cabanes, 08918 Badalona, Barcelona, España",+34 607 79 89 29,carpintero aluminio,Badalona,5,0,False,,,Carpintería metálica y de aluminio,demo_ready,2026-01-03 01:39,,https://mack009seo.github.io/localweb-sites/carpintería-keysis-alumini/,
Juan Francisco Soriano Martínez,"Carrer de Llefià, 39, 08912 Badalona, Barcelona, España",+34 933 88 89 58,carpintero aluminio,Badalona,3,0,False,,,Carpintería metálica y de aluminio,demo_ready,2026-01-03 01:39,,https://mack009seo.github.io/localweb-sites/juan-francisco-soriano-martínez/,
Fontanero,"Carrer Pirineus, 3, 08915 Badalona, Barcelona, España",+34 604 99 18 83,fontanero,Badalona,4.9,0,False,,,Fontanero,demo_ready,2026-01-03 01:39,,https://mack009seo.github.io/localweb-sites/fontanero/,
fontanero marroquí,,+34 678 75 25 48,fontanero,Badalona,5,0,False,,,Fontanero,demo_ready,2026-01-03 01:39,,https://mack009seo.github.io/localweb-sites/fontanero-marroquí/,
Universal Assistance,"Carrer de Coll i Pujol, 143, 08917 Badalona, Barcelona, España",+34 610 84 71 46,fontanero,Badalona,4.2,0,False,,,Fontanero,demo_ready,2026-01-03 01:39,,https://mack009seo.github.io/localweb-sites/universal-assistance/,
FONTANERO Y ELECTRICISTA MARC,"Carrer de l'Abat Odó, 62, Sant Andreu, 08030 Barcelona, España",+34 624 49 99 05,fontanero,Badalona,5,0,False,,,Fontanero,demo_ready,2026-01-03 01:39,,https://mack009seo.github.io/localweb-sites/fontanero-y-electricista-marc/,
ELECTRICISTAS BADALONA,"Carrer de la Quintana Alta, 63, 08911 Badalona, Barcelona, España",+34 634 97 28 44,electricista,Badalona,5,0,False,,,Electricista,demo_ready,2026-01-03 01:39,,https://mack009seo.github.io/localweb-sites/electricistas-badalona/,
Electricidad Urgente Bcn ✅⭐⭐⭐⭐⭐,"Carrer del Mariscal Cabanes, 45, 08918 Badalona, Barcelona, España",+34 632 77 95 30,electricista,Badalona,5,0,False,,,Electricista,demo_ready,2026-01-03 01:39,,https://mack009seo.github.io/localweb-sites/electricidad-urgente-bcn/,
Cuadros Eléctricos e Instalaciones S.L.U.,"Carrer del General Weyler, 190-194, Local 1B, 08912 Badalona, Barcelona, España",+34 937 60 58 82,electricista,Badalona,5,0,False,,,Servicio de instalación eléctrica,demo_ready,2026-01-03 01:39,,https://mack009seo.github.io/localweb-sites/cuadros-eléctricos-e-instalaciones-slu/,
Barnatecnic,"Carrer de Manila, 6, 08914 Badalona, Barcelona, España",+34 933 98 59 53,aire acondicionado,Badalona,4.6,0,False,,,Servicio de reparación de aire acondicionado,demo_ready,2026-01-03 01:39,,https://mack009seo.github.io/localweb-sites/barnatecnic/,
21 grados,"Carrer de Jacinto Benavente, 14, 1o - 1a, 08911 Badalona, Barcelona, España",+34 655 19 41 24,aire acondicionado,Badalona,4.9,0,False,,,Empresa de climatización,demo_ready,2026-01-03 01:39,,https://mack009seo.github.io/localweb-sites/21-grados/,
Barnainstal,"Rambla de Sant Joan, 51, 08912 Badalona, Barcelona, España",+34 636 65 98 88,aire acondicionado,Badalona,5,0,False,,,Tienda aire acondicionado,demo_ready,2026-01-03 01:39,,https://mack009seo.github.io/localweb-sites/barnainstal/,
Helios Energy Europe Sl,"Carrer del Xarol, 13, 08915 Badalona, Barcelona, España",+34 933 13 61 62,instalador placas solares,Badalona,5,0,False,,,Proveedor de equipos de energía solar,demo_ready,2026-01-03 01:39,,https://mack009seo.github.io/localweb-sites/helios-energy-europe-sl/,
Electofluids Solar Sl,"Carrer de Salou, 21b, local 1, 08913 Badalona, Barcelona, España",+34 933 83 09 71,instalador placas solares,Badalona,4,0,False,,,Contratista general,demo_ready,2026-01-03 01:39,,https://mack009seo.github.io/localweb-sites/electofluids-solar-sl/,
PINTOR EXPRESS,"Carrer d'Àngel Guimerà, 32, 08917 Badalona, Barcelona, España",+34 678 85 65 50,pintor decorator,Badalona,4.8,0,False,,,Pintor,demo_ready,2026-01-03 01:39,,https://mack009seo.github.io/localweb-sites/pintor-express/,
Pindeco,,+34 615 20 46 65,pintor decorator,Badalona,5,0,False,,,Pintor,demo_ready,2026-01-03 01:39,,https://mack009seo.github.io/localweb-sites/pindeco/,
Fernando Herrera Hidalgo,"Carrer d'Europa, 93, 08913 Badalona, Barcelona, España",+34 933 98 43 88,pintor decorator,Badalona,0,0,False,,,Pintor,demo_ready,2026-01-03 01:39,,https://mack009seo.github.io/localweb-sites/fernando-herrera-hidalgo/,
Abid Aslam,"C/ NAPOLS 28, Pl: BJ, Pta: 01, 08914 Badalona, Barcelona, España",,pintor decorator,Badalona,0,0,False,,,Pintor,demo_ready,2026-01-03 01:39,,https://mack009seo.github.io/localweb-sites/abid-aslam/,
lbdeco es,"Av. Bufalà, 20, 08915 Badalona, Barcelona, España",+34 689 32 52 64,pintor decorator,Badalona,0,0,False,,,Pintor,demo_ready,2026-01-03 01:39,,https://mack009seo.github.io/localweb-sites/lbdeco-es/,
Gestió Jardí Brugué,"Carrer de Martí i Julià, 1-3, 08911 Badalona, Barcelona, España",,jardinero,Badalona,5,0,False,,,Jardinero,demo_ready,2026-01-03 01:39,,https://mack009seo.github.io/localweb-sites/gestió-jardí-brugué/,
Jardinería Concepció,"Carrer d'Arnús, 29, 08911 Badalona, Barcelona, España",+34 933 84 40 59,jardinero,Badalona,4.9,0,False,,,Floristería,demo_ready,2026-01-03 01:39,,https://mack009seo.github.io/localweb-sites/jardinería-concepció/,
Little Garden Solutions Grow Shop,"Carrer de Jovellanos, 84, 08930 Sant Adrià de Besòs, Barcelona, España",+34 937 97 74 67,jardinero,Badalona,4.6,0,False,,,Centro de jardinería,demo_ready,2026-01-03 01:39,,https://mack009seo.github.io/localweb-sites/little-garden-solutions-grow-shop/,
Jardiners Sant Adrià S.C.C.L.,"Carrer de Ricart, 44, 08930 Sant Adrià de Besòs, Barcelona, España",+34 934 62 19 73,jardinero,Badalona,4.1,0,False,,,Centro de jardinería,demo_ready,2026-01-03 01:39,,https://mack009seo.github.io/localweb-sites/jardiners-sant-adrià-sccl/,
Marc Martí,"Carrer de Maragall, 48, 08912 Badalona, Barcelona, España",+34 684 71 99 23,cerrajero,Badalona,5,0,False,,,Servei de serralleria d’urgències,demo_ready,2026-01-03 01:39,,https://mack009seo.github.io/localweb-sites/marc-martí/,
ElTeuManyaBadalona,"Carrer d'En Prim, 08911 Badalona, Barcelona, España",,cerrajero,Badalona,0,0,False,,,Servei de serralleria d’urgències,demo_ready,2026-01-03 01:39,,https://mack009seo.github.io/localweb-sites/elteumanyabadalona/,
LIMPIEZAS PLATA,"Av. de Catalunya, 46, 08917 Badalona, Barcelona, España",+34 657 99 04 71,limpieza fachadas,Badalona,5,0,False,,,Servicios de limpieza,demo_ready,2026-01-03 01:39,,https://mack009seo.github.io/localweb-sites/limpiezas-plata/,
Limpiezas Neteco,"Avinguda dels Vents, 9, ESC.A 5º2ª, 08917 Badalona, Barcelona, España",+34 631 60 68 11,limpieza fachadas,Badalona,4.8,0,False,,,Servicio de conserjería,demo_ready,2026-01-03 01:39,,https://mack009seo.github.io/localweb-sites/limpiezas-neteco/,
Limpiezas Badalona - Empresa de limpieza en Badalona,"Carrer de Cervantes, 79, 08912 Badalona, Barcelona, España",+34 933 97 29 36,limpieza fachadas,Badalona,4.3,0,False,,,Servicios de limpieza,demo_ready,2026-01-03 01:39,,https://mack009seo.github.io/localweb-sites/limpiezas-badalona-empresa-de-limpieza-en-badalona/,
EMPRESA DE RESTAURACION Y REHABILITACION DE FACHADAS,"Carrer de la Festa Major d'Iquique, 11, Local 2, 08930 Badalona, Barcelona, España",+34 670 21 26 47,limpieza fachadas,Badalona,5,0,False,,,Reformas,demo_ready,2026-01-03 01:39,,https://mack009seo.github.io/localweb-sites/empresa-de-restauracion-y-rehabilitacion-de-fachadas/,
"nueva reforma sabadell REFORMA DE COCINA SABADELL REFORMA DE BAÑO SABADELL, LAMPISTA SABADELL","Av. de Matadepera, 3, 08207 Sabadell, Barcelona, España",+34 610 35 87 24,reformas cocina,Sabadell,5,0,False,,,Reformas de cocinas,demo_ready,2026-01-03 01:39,,https://mack009seo.github.io/localweb-sites/nueva-reforma-sabadell-reforma-de-cocina-sabadell-reforma-de-baño-sabadell-lampista-sabadell/,
Styl Cuines,"Carrer de Vallirana, 1, 08207 Sabadell, Barcelona, España",+34 937 23 99 83,reformas cocina,Sabadell,4.2,0,False,,,Contratista general,demo_ready,2026-01-03 01:39,,https://mack009seo.github.io/localweb-sites/styl-cuines/,
"nueva reforma sabadell REFORMA DE COCINA SABADELL REFORMA DE BAÑO SABADELL, LAMPISTA SABADELL","Av. de Matadepera, 3, 08207 Sabadell, Barcelona, España",+34 610 35 87 24,reformas baño,Sabadell,5,0,False,,,Reformas de cocinas,demo_ready,2026-01-03 01:39,,https://mack009seo.github.io/localweb-sites/nueva-reforma-sabadell-reforma-de-cocina-sabadell-reforma-de-baño-sabadell-lampista-sabadell/,
DUTXA PLAT SABADELL,"Carrer de Sol i Padrís, 106, 08203 Sabadell, Barcelona, España",+34 681 65 67 14,reformas baño,Sabadell,4.3,0,False,,,Reformas de baños,demo_ready,2026-01-03 01:39,,https://mack009seo.github.io/localweb-sites/dutxa-plat-sabadell/,
"nueva reforma sabadell REFORMA DE COCINA SABADELL REFORMA DE BAÑO SABADELL, LAMPISTA SABADELL","Av. de Matadepera, 3, 08207 Sabadell, Barcelona, España",+34 610 35 87 24,reformas integrales,Sabadell,5,0,False,,,Reformas de cocinas,demo_ready,2026-01-03 01:39,,https://mack009seo.github.io/localweb-sites/nueva-reforma-sabadell-reforma-de-cocina-sabadell-reforma-de-baño-sabadell-lampista-sabadell/,
MOSQUITERAS SABADELL,"Passeig del Dos de Maig, 33, 08204 Sabadell, Barcelona, España",+34 606 75 87 79,carpintero aluminio,Sabadell,5,0,False,,,Carpintería metálica y de aluminio,demo_ready,2026-01-03 01:39,,https://mack009seo.github.io/localweb-sites/mosquiteras-sabadell/,
Carpintería de aluminio ANGA - (Antonio García),"Av. de la Verge de Montserrat, 94, 08210 Barberà del Vallès, Barcelona, España",+34 937 18 98 54,carpintero aluminio,Sabadell,4.9,0,False,,,Carpintería metálica y de aluminio,demo_ready,2026-01-03 01:39,,https://mack009seo.github.io/localweb-sites/carpintería-de-aluminio-anga-antonio-garcía/,
ContraHUMITAT,"Carrer de Brutau, 27, 08203 Sabadell, Barcelona, España",+34 666 46 48 88,tratamiento humedades,Sabadell,4.7,0,False,,,Servicio de impermeabilización,demo_ready,2026-01-03 01:39,,https://mack009seo.github.io/localweb-sites/contrahumitat/,
R.Manaut,"Carrer de Salvany, 08203 Sabadell, Barcelona, España",+34 671 65 17 96,fontanero,Sabadell,4.7,0,False,,,Fontanero,demo_ready,2026-01-03 01:39,,https://mack009seo.github.io/localweb-sites/rmanaut/,
Instalaciones Vilchez: Electricista y fontanero,"Carrer de Viladomat, 08205 Sabadell, Barcelona, España",+34 634 22 11 92,fontanero,Sabadell,5,0,False,,,Fontanero,demo_ready,2026-01-03 01:39,,https://mack009seo.github.io/localweb-sites/instalaciones-vilchez-electricista-y-fontanero/,
El Fontanero Juan,"Carrer d'en Bac de Roda, 24, 08204 Sabadell, Barcelona, España",+34 625 07 11 02,fontanero,Sabadell,5,0,False,,,Fontanero,demo_ready,2026-01-03 01:39,,https://mack009seo.github.io/localweb-sites/el-fontanero-juan/,
Jefferson Construcciónes,"Carrer de Sallarès i Pla, 2, 08202 Sabadell, Barcelona, España",+34 640 26 20 48,fontanero,Sabadell,5,0,False,,,Fontanero,demo_ready,2026-01-03 01:39,,https://mack009seo.github.io/localweb-sites/jefferson-construcciónes/,
Algoma Instalaciones,"Carrer de las Navas, 90, 08208 Sabadell, Barcelona, España",+34 696 15 87 89,fontanero,Sabadell,5,0,False,,,Fontanero,demo_ready,2026-01-03 01:39,,https://mack009seo.github.io/localweb-sites/algoma-instalaciones/,
Francesc Torras Durán,"Raval de Dins, 14, 08202 Sabadell, Barcelona, España",+34 937 25 22 22,fontanero,Sabadell,4.3,0,False,,,Fontanero,demo_ready,2026-01-03 01:39,,https://mack009seo.github.io/localweb-sites/francesc-torras-durán/,
"Instalaciónes y Reparaciones Batllevell, S.L .","Carrer de Batllevell, 203, 08208 Sabadell, Barcelona, España",+34 685 85 01 14,fontanero,Sabadell,4.8,0,False,,,Fontanero,demo_ready,2026-01-03 01:39,,https://mack009seo.github.io/localweb-sites/instalaciónes-y-reparaciones-batllevell-sl/,
Peñas Martínez Joaquín,"Carrer del Gironès, 13, 08207 Sabadell, Barcelona, España",+34 937 17 05 99,fontanero,Sabadell,4.4,0,False,,,Fontanero,demo_ready,2026-01-03 01:39,,https://mack009seo.github.io/localweb-sites/peñas-martínez-joaquín/,
Instal·lacions M.P.,"Indret Horta Novella, 122, Carrer de l'Horta Novella, 120, 08201 Sabadell, Barcelona, España",+34 666 80 28 16,fontanero,Sabadell,3,0,False,,,Fontanero,demo_ready,2026-01-03 01:39,,https://mack009seo.github.io/localweb-sites/installacions-mp/,
Averias 24 Horas,"Carrer de Moragas i Barret, 29, 08204 Sabadell, Barcelona, España",+34 698 84 27 27,fontanero,Sabadell,0,0,False,,,Fontanero,demo_ready,2026-01-03 01:39,,https://mack009seo.github.io/localweb-sites/averias-24-horas/,
Instal.lacions Xavi Martí,"Carrer Marian Burgués, 20, 08208 Sabadell, Barcelona, España",+34 679 89 36 68,fontanero,Sabadell,3,0,False,,,Fontanero,demo_ready,2026-01-03 01:39,,https://mack009seo.github.io/localweb-sites/installacions-xavi-martí/,
Algoma Instalaciones,"Carrer de las Navas, 90, 08208 Sabadell, Barcelona, España",+34 696 15 87 89,electricista,Sabadell,5,0,False,,,Electricista,demo_ready,2026-01-03 01:39,,https://mack009seo.github.io/localweb-sites/algoma-instalaciones/,
"Instalaciónes y Reparaciones Batllevell, S.L .","Carrer de Batllevell, 203, 08208 Sabadell, Barcelona, España",+34 685 85 01 14,electricista,Sabadell,4.8,0,False,,,Electricista,demo_ready,2026-01-03 01:39,,https://mack009seo.github.io/localweb-sites/instalaciónes-y-reparaciones-batllevell-sl/,
"electricidad NG EMERGENCIAS 24h,agua , gas , datos , industrial ,domiciliaria","08204 Sabadell, Barcelona, España",+34 666 11 30 80,electricista,Sabadell,5,0,False,,,Electricista,demo_ready,2026-01-03 01:39,,https://mack009seo.github.io/localweb-sites/electricidad-ng-emergencias-24hagua-gas-datos-industrial-domiciliaria/,
El llauner del barri,,+34 671 79 88 26,electricista,Sabadell,5,0,False,,,Electricista,demo_ready,2026-01-03 01:39,,https://mack009seo.github.io/localweb-sites/el-llauner-del-barri/,
Instalaciones Vilchez: Electricista y fontanero,"Carrer de Viladomat, 08205 Sabadell, Barcelona, España",+34 634 22 11 92,electricista,Sabadell,5,0,False,,,Electricista,demo_ready,2026-01-03 01:39,,https://mack009seo.github.io/localweb-sites/instalaciones-vilchez-electricista-y-fontanero/,
Conrado Bañón Montajes Eléctricos,"Carrer de Sardà, 134, 08203 Sabadell, Barcelona, España",,electricista,Sabadell,4.5,0,False,,,Electricista,demo_ready,2026-01-03 01:39,,https://mack009seo.github.io/localweb-sites/conrado-bañón-montajes-eléctricos/,
Instalaciones Jorvid.,"Calle de la Jabonería, 47, 08204 Sabadell, Barcelona, España",+34 647 97 77 68,electricista,Sabadell,5,0,False,,,Electricista,demo_ready,2026-01-03 01:39,,https://mack009seo.github.io/localweb-sites/instalaciones-jorvid/,
Climatiza Innovación,"Carrer de Petrarca, 16, 08206 Sabadell, Barcelona, España",+34 605 73 46 35,aire acondicionado,Sabadell,5,0,False,,,Servicio de reparación de aire acondicionado,demo_ready,2026-01-03 01:39,,https://mack009seo.github.io/localweb-sites/climatiza-innovación/,
AEROSOLAR RENOVABLES S.L.,"Oficinas y Almacén, Carrer de l'Anoia, 8, 08192 Sant Quirze del Vallès, Barcelona, España",,aire acondicionado,Sabadell,5,0,False,,,Empresa de climatización,demo_ready,2026-01-03 01:39,,https://mack009seo.github.io/localweb-sites/aerosolar-renovables-sl/,
CLICON S.C.C.L.,"Carrer del Maestrat, 15, 08208 Sabadell, Barcelona, España",+34 937 17 27 12,aire acondicionado,Sabadell,2.9,0,False,,,Empresa de calefacción,demo_ready,2026-01-03 01:39,,https://mack009seo.github.io/localweb-sites/clicon-sccl/,
Instalaciones T. Osuna,"Carrer de Cató, 10, 08206 Sabadell, Barcelona, España",+34 605 19 03 48,aire acondicionado,Sabadell,4.4,0,False,,,Empresa de climatización,demo_ready,2026-01-03 01:39,,https://mack009seo.github.io/localweb-sites/instalaciones-t-osuna/,
AEROSOLAR RENOVABLES S.L.,"Oficinas y Almacén, Carrer de l'Anoia, 8, 08192 Sant Quirze del Vallès, Barcelona, España",,instalador placas solares,Sabadell,5,0,False,,,Empresa de climatización,demo_ready,2026-01-03 01:39,,https://mack009seo.github.io/localweb-sites/aerosolar-renovables-sl/,
artyestuc pintors,"Carrer de Viladomat, 63, 08205 Sabadell, Barcelona, España",+34 678 28 97 87,pintor decorator,Sabadell,5,0,False,,,Pintor,demo_ready,2026-01-03 01:39,,https://mack009seo.github.io/localweb-sites/artyestuc-pintors/,
PINTORTINOS,"Carrer d'Osona, 71, 08207 Sabadell, Barcelona, España",+34 640 35 12 90,pintor decorator,Sabadell,4.8,0,False,,,Pintor,demo_ready,2026-01-03 01:39,,https://mack009seo.github.io/localweb-sites/pintortinos/,
SBD Revestiments,"Carrer dels Calders, 83, 1º 3º, 08203 Sabadell, Barcelona, España",+34 677 07 34 26,pintor decorator,Sabadell,5,0,False,,,Pintor,demo_ready,2026-01-03 01:39,,https://mack009seo.github.io/localweb-sites/sbd-revestiments/,
PINTADECOR. Sbd,"Carrer de Lope de Vega, 53, Local 5, 08204 Sabadell, Barcelona, España",+34 637 88 06 40,pintor decorator,Sabadell,0,0,False,,,Pintor,demo_ready,2026-01-03 01:39,,https://mack009seo.github.io/localweb-sites/pintadecor-sbd/,
J.Lãzaro Aplicació Decorativa I Pintura,"N-150, 565, 08204 Sabadell, Barcelona, España",,pintor decorator,Sabadell,0,0,False,,,Pintor,demo_ready,2026-01-03 01:39,,https://mack009seo.github.io/localweb-sites/jlãzaro-aplicació-decorativa-i-pintura/,
Joaquín Garrido Algaba,"Carrer de Fàtima, 30, 08204 Sabadell, Barcelona, España",,pintor decorator,Sabadell,0,0,False,,,Pintor,demo_ready,2026-01-03 01:39,,https://mack009seo.github.io/localweb-sites/joaquín-garrido-algaba/,
La ceba jardins,"Santiago de Compostela 14, 08204 Sabadell, Barcelona, España",+34 695 60 84 09,jardinero,Sabadell,5,0,False,,,Servicio de jardinería,demo_ready,2026-01-03 01:39,,https://mack009seo.github.io/localweb-sites/la-ceba-jardins/,
Cerrajeros Luis Aperturas,"Carrer de Sarret, 12, 08205 Sabadell, Barcelona, España",+34 684 77 87 70,cerrajero,Sabadell,4.8,0,False,,,Cerrajero,demo_ready,2026-01-03 01:39,,https://mack009seo.github.io/localweb-sites/cerrajeros-luis-aperturas/,
Roser 1988,"Carrer de Pérez Moya, 70, 08204 Sabadell, Barcelona, España",+34 644 06 62 10,cerrajero,Sabadell,5,0,False,,,Cerrajero,demo_ready,2026-01-03 01:39,,https://mack009seo.github.io/localweb-sites/roser-1988/,
CerrajerosCalmet37,"Carrer de Manso, 143, 08205 Sabadell, Barcelona, España",+34 607 52 25 67,cerrajero,Sabadell,5,0,False,,,Cerrajero,demo_ready,2026-01-03 01:39,,https://mack009seo.github.io/localweb-sites/cerrajeroscalmet37/,
Reformas Barcelona,,+34 692 69 23 64,reformas cocina,Terrassa,1.5,0,False,,,Reformas de cocinas,demo_ready,2026-01-03 01:39,,https://mack009seo.github.io/localweb-sites/reformas-barcelona/,
Idc Cocinas,"Carrer de Núria, 73, 08224 Terrassa, Barcelona, España",+34 931 91 08 86,reformas cocina,Terrassa,5,0,False,,,Comercio,demo_ready,2026-01-03 01:39,,https://mack009seo.github.io/localweb-sites/idc-cocinas/,
moncuinesdisseny,"Carrer Sabadell, 7, 08225 Terrassa, Barcelona, España",+34 619 57 25 96,reformas cocina,Terrassa,5,0,False,,,Reformas de cocinas,demo_ready,2026-01-03 01:39,,https://mack009seo.github.io/localweb-sites/moncuinesdisseny/,
Reformas Integrales J.Terret,,+34 650 79 40 38,reformas baño,Terrassa,5,0,False,,,Reformas,demo_ready,2026-01-03 01:39,,https://mack009seo.github.io/localweb-sites/reformas-integrales-jterret/,
Reformas Barcelona,,+34 692 69 23 64,reformas baño,Terrassa,1.5,0,False,,,Reformas de baños,demo_ready,2026-01-03 01:39,,https://mack009seo.github.io/localweb-sites/reformas-barcelona/,
Reformas Barcelona,,+34 692 69 23 64,reformas integrales,Terrassa,1.5,0,False,,,Reformas de cocinas,demo_ready,2026-01-03 01:39,,https://mack009seo.github.io/localweb-sites/reformas-barcelona/,
Reformes Terrassa,"Carrer de Cervantes, 22, 08221 Terrassa, Barcelona, España",,reformas integrales,Terrassa,0,0,False,,,Reformas,demo_ready,2026-01-03 01:39,,https://mack009seo.github.io/localweb-sites/reformes-terrassa/,
Reformas Integrales J.Terret,,+34 650 79 40 38,reformas integrales,Terrassa,5,0,False,,,Reformas,demo_ready,2026-01-03 01:39,,https://mack009seo.github.io/localweb-sites/reformas-integrales-jterret/,
Reformas Integrales,"Passeig de Lluís Muncunill, 8, 08225 Terrassa, Barcelona, España",+34 696 13 78 93,reformas integrales,Terrassa,0,0,False,,,Contratista general,demo_ready,2026-01-03 01:39,,https://mack009seo.github.io/localweb-sites/reformas-integrales/,
Tecnova Rehabilitació S.L,"Cr. de Sant Sebastià, 101, El Segle XX, 08223 Terrassa, Barcelona, España",+34 934 88 57 12,tratamiento humedades,Terrassa,3.3,0,False,,,Servicio de restauración de edificios,demo_ready,2026-01-03 01:39,,https://mack009seo.github.io/localweb-sites/tecnova-rehabilitació-sl/,
Jaiser Rehabilitación de Fachadas - Alquiler y Montaje de Andamios,"Carrer del miño 6 20 Nave 17 Vial C del polígono industrial Can Palet 08223 Terrassa Barcelona industrial, 08223 Terrassa, Barcelona, España",+34 931 17 07 05,tratamiento humedades,Terrassa,4.1,0,False,,,Constructor,demo_ready,2026-01-03 01:39,,https://mack009seo.github.io/localweb-sites/jaiser-rehabilitación-de-fachadas-alquiler-y-montaje-de-andamios/,
Josal Confort S.L.,"Carrer de Prat de la Riba, 112, 08222 Terrassa, Barcelona, España",+34 937 31 61 51,fontanero,Terrassa,4.9,0,False,,,Fontanero,demo_ready,2026-01-03 01:39,,https://mack009seo.github.io/localweb-sites/josal-confort-sl/,
Mapesi Terrassa Sl,"Carrer de Bosch i Gimpera, 23, 08223 Terrassa, Barcelona, España",+34 937 31 11 58,fontanero,Terrassa,5,0,False,,,Fontanero,demo_ready,2026-01-03 01:39,,https://mack009seo.github.io/localweb-sites/mapesi-terrassa-sl/,
Joan Comallonga Galí,"Carrer de Pitàgores, 65, 08224 Terrassa, Barcelona, España",+34 639 15 84 24,fontanero,Terrassa,5,0,False,,,Fontanero,demo_ready,2026-01-03 01:39,,https://mack009seo.github.io/localweb-sites/joan-comallonga-galí/,
Ruiz,"Carrer Mare de Déu de las Angustias, 93, 08222 Terrassa, Barcelona, España",+34 937 31 44 14,fontanero,Terrassa,5,0,False,,,Fontanero,demo_ready,2026-01-03 01:39,,https://mack009seo.github.io/localweb-sites/ruiz/,
Antonio Alvarez Corral,"Carrer del Masnou, 3, 08227 Terrassa, Barcelona, España",+34 616 42 43 04,fontanero,Terrassa,5,0,False,,,Fontanero,demo_ready,2026-01-03 01:39,,https://mack009seo.github.io/localweb-sites/antonio-alvarez-corral/,
Mi instalador,,+34 659 28 77 73,fontanero,Terrassa,5,0,False,,,Fontanero,demo_ready,2026-01-03 01:39,,https://mack009seo.github.io/localweb-sites/mi-instalador/,
Santiago Serrano García,"Carrer de la Duquessa de la Victòria, 81, Can Palet, 08223 Terrassa, Barcelona, España",,fontanero,Terrassa,5,0,False,,,Fontanero,demo_ready,2026-01-03 01:39,,https://mack009seo.github.io/localweb-sites/santiago-serrano-garcía/,
instalacions García,,+34 627 16 63 13,fontanero,Terrassa,5,0,False,,,Fontanero,demo_ready,2026-01-03 01:39,,https://mack009seo.github.io/localweb-sites/instalacions-garcía/,
Electricista económico 24 Horas Terrassa,"Carrer de Jacint Elías, 230, 08222 Terrassa, Barcelona, España",+34 633 91 23 40,electricista,Terrassa,3,0,False,,,Electricista,demo_ready,2026-01-03 01:39,,https://mack009seo.github.io/localweb-sites/electricista-económico-24-horas-terrassa/,
Electricidad Jaime Lorenzo,"Carrer de Volta, 230, 08224 Terrassa, Barcelona, España",+34 937 88 33 71,electricista,Terrassa,4.3,0,False,,,Electricista,demo_ready,2026-01-03 01:39,,https://mack009seo.github.io/localweb-sites/electricidad-jaime-lorenzo/,
Amperio Network Electricidad,,+34 631 87 89 28,electricista,Terrassa,5,0,False,,,Servicio de instalación eléctrica,demo_ready,2026-01-03 01:39,,https://mack009seo.github.io/localweb-sites/amperio-network-electricidad/,
Electricidad Quimi,"Carrer Nou de Sant Pere, 1, Atico, 08221 Terrassa, Barcelona, España",+34 657 95 36 89,electricista,Terrassa,5,0,False,,,Electricista,demo_ready,2026-01-03 01:39,,https://mack009seo.github.io/localweb-sites/electricidad-quimi/,
Instalaciones Electricas Maldonado,"Carrer de Sant Mateu, 2, 08224 Terrassa, Barcelona, España",+34 931 37 36 14,electricista,Terrassa,5,0,False,,,Electricista,demo_ready,2026-01-03 01:39,,https://mack009seo.github.io/localweb-sites/instalaciones-electricas-maldonado/,
Electricistas terrassa,,+34 632 20 33 38,electricista,Terrassa,0,0,False,,,Servicio de instalación eléctrica,demo_ready,2026-01-03 01:39,,https://mack009seo.github.io/localweb-sites/electricistas-terrassa/,
Electricistas Terrassa - Electricidad TerraElectra,"Carrer d'Àngel Guimerà, 126, Can Palet, 08223 Terrassa, Barcelona, España",+34 631 55 33 18,electricista,Terrassa,0,0,False,,,Electricista,demo_ready,2026-01-03 01:39,,https://mack009seo.github.io/localweb-sites/electricistas-terrassa-electricidad-terraelectra/,
APFCLIMA2023,"Avinguda de Joaquim de Sagrera, 08224 Terrassa, Barcelona, España",+34 688 40 17 69,aire acondicionado,Terrassa,5,0,False,,,Tienda aire acondicionado,demo_ready,2026-01-03 01:39,,https://mack009seo.github.io/localweb-sites/apfclima2023/,
InfinitySun S.L.,"Carrer de Colom, 453, 08223 Terrassa, Barcelona, España",+34 937 86 99 17,instalador placas solares,Terrassa,3.8,0,False,,,Oficinas de empresa,demo_ready,2026-01-03 01:39,,https://mack009seo.github.io/localweb-sites/infinitysun-sl/,
Guglie Pintores,"Carrer de Sant Jordi, 08222 Terrassa, Barcelona, España",+34 658 45 54 47,pintor decorator,Terrassa,4.9,0,False,,,Pintor,demo_ready,2026-01-03 01:39,,https://mack009seo.github.io/localweb-sites/guglie-pintores/,
Rebonito Decoracion,"Carrer de Roig i Ventura, 131, 08226 Terrassa, Barcelona, España",+34 634 41 16 81,pintor decorator,Terrassa,4.8,0,False,,,Pintor,demo_ready,2026-01-03 01:39,,https://mack009seo.github.io/localweb-sites/rebonito-decoracion/,
Pintor Hugo,"Carrer del Comte Borrell, 59, 08224 Terrassa, Barcelona, España",+34 937 80 76 05,pintor decorator,Terrassa,3.7,0,False,,,Pintor,demo_ready,2026-01-03 01:39,,https://mack009seo.github.io/localweb-sites/pintor-hugo/,
Pintor Vizuete,"Av. de Béjar, 08225 Terrassa, Barcelona, España",+34 607 19 46 20,pintor decorator,Terrassa,5,0,False,,,Pintor,demo_ready,2026-01-03 01:39,,https://mack009seo.github.io/localweb-sites/pintor-vizuete/,
Pinturas y de decoración Mariano Cano,"Carrer Prat de la Ribas, Carrer de Prat de la Riba, 08226 Terrassa, Barcelona, España",+34 626 11 92 65,pintor decorator,Terrassa,5,0,False,,,Pintor,demo_ready,2026-01-03 01:39,,https://mack009seo.github.io/localweb-sites/pinturas-y-de-decoración-mariano-cano/,
Remuntdecor S.C.P.,"Carrer de Miquel Palomares, 46, 08226 Terrassa, Barcelona, España",+34 663 13 11 17,pintor decorator,Terrassa,5,0,False,,,Pintor,demo_ready,2026-01-03 01:39,,https://mack009seo.github.io/localweb-sites/remuntdecor-scp/,
seduction of the colors sl,"Carrer Sabadell, 08225 Terrassa, Barcelona, España",+34 653 66 02 94,pintor decorator,Terrassa,5,0,False,,,Pintor,demo_ready,2026-01-03 01:39,,https://mack009seo.github.io/localweb-sites/seduction-of-the-colors-sl/,
Checapintures Terrassa,"Carrer de Xúquer, 4, 08223 Terrassa, Barcelona, España",+34 655 58 45 33,pintor decorator,Terrassa,4.3,0,False,,,Pintor,demo_ready,2026-01-03 01:39,,https://mack009seo.github.io/localweb-sites/checapintures-terrassa/,
Pinturas & Reformas Bazoli,"Carrer de la Hispanitat, 18, Can Boada, 08225 Terrassa, Barcelona, España",+34 627 15 97 73,pintor decorator,Terrassa,5,0,False,,,Pintor,demo_ready,2026-01-03 01:39,,https://mack009seo.github.io/localweb-sites/pinturas-reformas-bazoli/,
Jardinería Terrassa,"Carrer de Flandes, 3, 08224 Terrassa, Barcelona, España",+34 644 90 55 54,jardinero,Terrassa,5,0,False,,,Servicio de jardinería,demo_ready,2026-01-03 01:39,,https://mack009seo.github.io/localweb-sites/jardinería-terrassa/,
Jardí Pond,"Camí de Can Curet, 15, 08224 Terrassa, Barcelona, España",+34 937 00 12 40,jardinero,Terrassa,4.4,0,False,,,Servicio de jardinería,demo_ready,2026-01-03 01:39,,https://mack009seo.github.io/localweb-sites/jardí-pond/,
Centro de Jardinería i Floristeria Argemí,"Ctra. Talamanca, km. 3, 08225 Terrassa, Barcelona, España",+34 937 87 00 50,jardinero,Terrassa,4.3,0,False,,,Jardinero,demo_ready,2026-01-03 01:39,,https://mack009seo.github.io/localweb-sites/centro-de-jardinería-i-floristeria-argemí/,
Simanya jardiners (Can Roca),"Av. de Béjar, 16, 08225 Terrassa, Barcelona, España",+34 633 01 73 93,jardinero,Terrassa,5,0,False,,,Jardinero,demo_ready,2026-01-03 01:39,,https://mack009seo.github.io/localweb-sites/simanya-jardiners-can-roca/,
Garden 4 Vents,"Carrer Falciot, 49, 08224 Terrassa, Barcelona, España",+34 935 88 46 46,jardinero,Terrassa,4.1,0,False,,,Centro de jardinería,demo_ready,2026-01-03 01:39,,https://mack009seo.github.io/localweb-sites/garden-4-vents/,
RYCASA REGULADORES Y CONST,"Carrer del Ter, 18, Can Palet, 08223 Terrassa, Barcelona, España",,jardinero,Terrassa,3.6,0,False,,,Jardinero,demo_ready,2026-01-03 01:39,,https://mack009seo.github.io/localweb-sites/rycasa-reguladores-y-const/,
Xavier Fontas,"Carrer de l'Agricultura, 48, Can Palet, 08223 Terrassa, Barcelona, España",+34 647 57 22 49,jardinero,Terrassa,5,0,False,,,Jardinero,demo_ready,2026-01-03 01:39,,https://mack009seo.github.io/localweb-sites/xavier-fontas/,
Raco Cerrajeros Terrassa,"Avinguda de Madrid, 1D, local, 08227 Terrassa, Barcelona, España",+34 930 10 75 91,cerrajero,Terrassa,4.8,0,False,,,Cerrajero,demo_ready,2026-01-03 01:39,,https://mack009seo.github.io/localweb-sites/raco-cerrajeros-terrassa/,
JaimeSerraller 24H/7D,"Carrer del Germà Joaquim, 7, Can Palet, 08223 Terrassa, Barcelona, España",+34 711 20 00 24,cerrajero,Terrassa,5,0,False,,,Cerrajero,demo_ready,2026-01-03 01:39,,https://mack009seo.github.io/localweb-sites/jaimeserraller-24h7d/,
Serralleria Aranda Luis,"Carrer de Pau Marsal, 6, 08222 Terrassa, Barcelona, España",+34 937 86 04 39,cerrajero,Terrassa,3.6,0,False,,,Cerrajero,demo_ready,2026-01-03 01:39,,https://mack009seo.github.io/localweb-sites/serralleria-aranda-luis/,
La Llar de Les Claus,"Carrer de la Rasa, 58, 08221 Terrassa, Barcelona, España",+34 937 88 08 94,cerrajero,Terrassa,4.2,0,False,,,Cerrajero,demo_ready,2026-01-03 01:39,,https://mack009seo.github.io/localweb-sites/la-llar-de-les-claus/,
Puertas Alarmas Y Automatismo Turkamatic,"Carrer de Bilbao, 38, 08227 Terrassa, Barcelona, España",+34 637 33 55 33,cerrajero,Terrassa,5,0,False,,,Cerrajero,demo_ready,2026-01-03 01:39,,https://mack009seo.github.io/localweb-sites/puertas-alarmas-y-automatismo-turkamatic/,
Jaiser Rehabilitación de Fachadas - Alquiler y Montaje de Andamios,"Carrer del miño 6 20 Nave 17 Vial C del polígono industrial Can Palet 08223 Terrassa Barcelona industrial, 08223 Terrassa, Barcelona, España",+34 931 17 07 05,limpieza fachadas,Terrassa,4.1,0,False,,,Constructor,demo_ready,2026-01-03 01:39,,https://mack009seo.github.io/localweb-sites/jaiser-rehabilitación-de-fachadas-alquiler-y-montaje-de-andamios/,
Neteges Cabassa,"Ctra. de Castellar, 99, 08222 Terrassa, Barcelona, España",+34 609 71 48 81,limpieza fachadas,Terrassa,4.6,0,False,,,Servicios de limpieza,demo_ready,2026-01-03 01:39,,https://mack009seo.github.io/localweb-sites/neteges-cabassa/,
Mes Net S.L,"Carrer de Valls, 101, El Segle XX, 08223 Terrassa, Barcelona, España",+34 937 85 06 26,limpieza fachadas,Terrassa,3.5,0,False,,,Servicios de limpieza,demo_ready,2026-01-03 01:39,,https://mack009seo.github.io/localweb-sites/mes-net-sl/,
Reformes D.M.,"Ctra. de Mata, 60, 08304 Mataró, Barcelona, España",+34 633 19 92 74,reformas cocina,Mataró,5,0,False,,,Reformas,demo_ready,2026-01-03 01:39,,https://mack009seo.github.io/localweb-sites/reformes-dm/,
Reformes D.M.,"Ctra. de Mata, 60, 08304 Mataró, Barcelona, España",+34 633 19 92 74,reformas baño,Mataró,5,0,False,,,Reformas,demo_ready,2026-01-03 01:39,,https://mack009seo.github.io/localweb-sites/reformes-dm/,
El Món De La Reforma,"Carrer de Pompeu Fabra, 27, 08302 Mataró, Barcelona, España",+34 930 01 39 76,reformas baño,Mataró,5,0,False,,,Proveedor de materiales de construcción,demo_ready,2026-01-03 01:39,,https://mack009seo.github.io/localweb-sites/el-món-de-la-reforma/,
Rafael Soler Ferrer,"Carrer Fray Luis de León, 36, bajo 1, 08302 Mataró, Barcelona, España",+34 678 42 07 46,reformas baño,Mataró,5,0,False,,,Reformas de baños,demo_ready,2026-01-03 01:39,,https://mack009seo.github.io/localweb-sites/rafael-soler-ferrer/,
Reformes D.M.,"Ctra. de Mata, 60, 08304 Mataró, Barcelona, España",+34 633 19 92 74,reformas integrales,Mataró,5,0,False,,,Reformas,demo_ready,2026-01-03 01:39,,https://mack009seo.github.io/localweb-sites/reformes-dm/,
Reforma2,"Torrent de les Piques, 69, 08304 Mataró, Barcelona, España",+34 600 03 65 60,reformas integrales,Mataró,4.5,0,False,,,Reformas,demo_ready,2026-01-03 01:39,,https://mack009seo.github.io/localweb-sites/reforma2/,
Reformas integrales ArtService,"08302 Mataró, Barcelona, España",,reformas integrales,Mataró,0,0,False,,,Empresa constructora,demo_ready,2026-01-03 01:39,,https://mack009seo.github.io/localweb-sites/reformas-integrales-artservice/,
Rekalum Carpinteria D' Alumini,"Carrer Tossa, 8, 08303 Mataró, Barcelona, España",+34 653 04 58 87,carpintero aluminio,Mataró,4.4,0,False,,,Carpintería metálica y de aluminio,demo_ready,2026-01-03 01:39,,https://mack009seo.github.io/localweb-sites/rekalum-carpinteria-d-alumini/,
Cristalería Castillo Carpintería de Aluminio,"Carrer Batista i Roca, 6, 08302 Mataró, Barcelona, España",+34 937 98 17 12,carpintero aluminio,Mataró,4.2,0,False,,,Tienda de artículos de cristal,demo_ready,2026-01-03 01:39,,https://mack009seo.github.io/localweb-sites/cristalería-castillo-carpintería-de-aluminio/,
Vidrios Y Aluminios E Martín,"Carrer de Pineda, 15, 08303 Mataró, Barcelona, España",+34 937 98 79 01,carpintero aluminio,Mataró,5,0,False,,,Carpintería metálica y de aluminio,demo_ready,2026-01-03 01:39,,https://mack009seo.github.io/localweb-sites/vidrios-y-aluminios-e-martín/,
Aluminis y Vidres DIAZ,"Camí de la Geganta, 107, 08302 Mataró, Barcelona, España",+34 937 99 70 08,carpintero aluminio,Mataró,5,0,False,,,Ventana de aluminio,demo_ready,2026-01-03 01:39,,https://mack009seo.github.io/localweb-sites/aluminis-y-vidres-diaz/,
Empresa desatascos Mataró,"Carrer Turó de Montgat, 1, 08304 Mataró, Barcelona, España",+34 658 81 97 80,fontanero,Mataró,5,0,False,,,Fontanero,demo_ready,2026-01-03 01:39,,https://mack009seo.github.io/localweb-sites/empresa-desatascos-mataró/,
Desatascos Mataró ERM,,+34 650 51 47 07,fontanero,Mataró,0,0,False,,,Fontanero,demo_ready,2026-01-03 01:39,,https://mack009seo.github.io/localweb-sites/desatascos-mataró-erm/,
Hidrofonts Tècnics de l'Aigua S.L.,"Camí del Mig, 69, sot. -1, 08302 Mataró, Barcelona, España",+34 937 07 48 58,fontanero,Mataró,4.7,0,False,,,Fontanero,demo_ready,2026-01-03 01:39,,https://mack009seo.github.io/localweb-sites/hidrofonts-tècnics-de-laigua-sl/,
Lampista( Felix Galeano y Ramon Linares ),"Carrer de les Caramelles, 11, 08304 Mataró, Barcelona, España",+34 685 51 85 36,fontanero,Mataró,4.8,0,False,,,Fontanero,demo_ready,2026-01-03 01:39,,https://mack009seo.github.io/localweb-sites/lampista-felix-galeano-y-ramon-linares/,
Electricidad Y Telecomunicaciones Martínez,"Carrer dels Almogàvers, 10, 08303 Mataró, Barcelona, España",+34 937 57 77 76,electricista,Mataró,5,0,False,,,Electricista,demo_ready,2026-01-03 01:39,,https://mack009seo.github.io/localweb-sites/electricidad-y-telecomunicaciones-martínez/,
Electronova Instal·lacions,"Carrer del Massevà, 42, 08302 Mataró, Barcelona, España",+34 676 26 56 45,electricista,Mataró,5,0,False,,,Electricista,demo_ready,2026-01-03 01:39,,https://mack009seo.github.io/localweb-sites/electronova-installacions/,
ELECTRO SERVEI,"Carrer de Sant Cugat, 103, 08302 Mataró, Barcelona, España",+34 607 85 85 38,electricista,Mataró,5,0,False,,,Electricista,demo_ready,2026-01-03 01:39,,https://mack009seo.github.io/localweb-sites/electro-servei/,
Electricidad,"Carrer de Tarragona, 8, 08303 Mataró, Barcelona, España",,electricista,Mataró,4.5,0,False,,,Electricista,demo_ready,2026-01-03 01:39,,https://mack009seo.github.io/localweb-sites/electricidad/,
Unión Electrónica,"Carrer de la Mare de Déu de Núria, 5, 08303 Mataró, Barcelona, España",+34 937 57 03 18,electricista,Mataró,5,0,False,,,Electricista,demo_ready,2026-01-03 01:39,,https://mack009seo.github.io/localweb-sites/unión-electrónica/,
Instal·lacions Ismax s.l.,"Carrer Unió, 42, 44, 08302 Mataró, Barcelona, España",+34 937 99 83 01,electricista,Mataró,4.3,0,False,,,Electricista,demo_ready,2026-01-03 01:39,,https://mack009seo.github.io/localweb-sites/installacions-ismax-sl/,
Euro Light Group Serveis,"Carrer Llauder, 137, 08302 Mataró, Barcelona, España",+34 937 07 77 75,electricista,Mataró,5,0,False,,,Electricista,demo_ready,2026-01-03 01:39,,https://mack009seo.github.io/localweb-sites/euro-light-group-serveis/,
Instalaciones Martínez Fernández S.L.,"Plaça Canyamars, 5, 08303 Mataró, Barcelona, España",+34 937 57 17 69,electricista,Mataró,5,0,False,,,Electricista,demo_ready,2026-01-03 01:39,,https://mack009seo.github.io/localweb-sites/instalaciones-martínez-fernández-sl/,
"Instalaciones J.L. Chicote e Hijos, Sl","Riera de Figuera Major, 21, 08304 Mataró, Barcelona, España",+34 937 57 13 75,electricista,Mataró,5,0,False,,,Electricista,demo_ready,2026-01-03 01:39,,https://mack009seo.github.io/localweb-sites/instalaciones-jl-chicote-e-hijos-sl/,
David Castro López,"Carrer Mossèn Molé, 20, 08304 Mataró, Barcelona, España",,electricista,Mataró,5,0,False,,,Electricista,demo_ready,2026-01-03 01:39,,https://mack009seo.github.io/localweb-sites/david-castro-lópez/,
Instal·lacions Hidalgo Ruiz,"Carrer los Àlamos, 7, 08301 Mataró, Barcelona, España",+34 937 90 73 37,electricista,Mataró,3,0,False,,,Electricista,demo_ready,2026-01-03 01:39,,https://mack009seo.github.io/localweb-sites/installacions-hidalgo-ruiz/,
Iniciativas Comerciales Eléctricas Sa,"Via Sèrgia, 90, BAJO, 08302 Mataró, Barcelona, España",+34 937 58 80 40,electricista,Mataró,5,0,False,,,Electricista,demo_ready,2026-01-03 01:39,,https://mack009seo.github.io/localweb-sites/iniciativas-comerciales-eléctricas-sa/,
Instal·lacions Ismax s.l.,"Carrer Unió, 42, 44, 08302 Mataró, Barcelona, España",+34 937 99 83 01,aire acondicionado,Mataró,4.3,0,False,,,Electricista,demo_ready,2026-01-03 01:39,,https://mack009seo.github.io/localweb-sites/installacions-ismax-sl/,
Instaladores de Climatización,"Camí Ral de la Mercè, 565, Local A, 08302 Mataró, Barcelona, España",+34 935 92 15 41,aire acondicionado,Mataró,0,0,False,,,Tienda aire acondicionado,demo_ready,2026-01-03 01:39,,https://mack009seo.github.io/localweb-sites/instaladores-de-climatización/,
Pinturas y reformas tudela,"Av. d'Amèrica, 55, 08304 Mataró, Barcelona, España",+34 698 52 77 79,pintor decorator,Mataró,4.6,0,False,,,Pintor,demo_ready,2026-01-03 01:39,,https://mack009seo.github.io/localweb-sites/pinturas-y-reformas-tudela/,
Pintores Mito,"Carrer Queralbs, 26, 1º 1ª, 08303 Mataró, Barcelona, España",+34 690 09 82 46,pintor decorator,Mataró,5,0,False,,,Pintor,demo_ready,2026-01-03 01:39,,https://mack009seo.github.io/localweb-sites/pintores-mito/,
Llibre Pintors,"Camí Ral de la Mercè, 318, 08301 Mataró, Barcelona, España",+34 696 65 55 29,pintor decorator,Mataró,5,0,False,,,Pintor,demo_ready,2026-01-03 01:39,,https://mack009seo.github.io/localweb-sites/llibre-pintors/,
Pinturas Maresme,"persiana Gris oscuro, n° 157, Carrer de Sant Cugat, 157, 08302 Mataró, Barcelona, España",+34 651 16 93 18,pintor decorator,Mataró,5,0,False,,,Pintor,demo_ready,2026-01-03 01:39,,https://mack009seo.github.io/localweb-sites/pinturas-maresme/,
Pintors Garriga | Maresme,"Carrer de Cuba, 84, 08302 Mataró, Barcelona, España",+34 634 67 11 58,pintor decorator,Mataró,5,0,False,,,Pintor,demo_ready,2026-01-03 01:39,,https://mack009seo.github.io/localweb-sites/pintors-garriga-maresme/,
Pint-Decor,,+34 658 59 73 75,pintor decorator,Mataró,5,0,False,,,Pintor,demo_ready,2026-01-03 01:39,,https://mack009seo.github.io/localweb-sites/pint-decor/,
J R PINTORS,"Carrer Galícia, 78, local, 08303 Mataró, Barcelona, España",+34 606 96 86 39,pintor decorator,Mataró,0,0,False,,,Pintor,demo_ready,2026-01-03 01:39,,https://mack009seo.github.io/localweb-sites/j-r-pintors/,
Eduard Sanchez Espin,"Passeig Carles Padrós, 67, 2, 08304 Mataró, Barcelona, España",+34 687 42 45 61,pintor decorator,Mataró,0,0,False,,,Pintor,demo_ready,2026-01-03 01:39,,https://mack009seo.github.io/localweb-sites/eduard-sanchez-espin/,
Pintura y Decoración IMRAN,"Carrer República Argentina, 25, 08304 Mataró, Barcelona, España",,pintor decorator,Mataró,0,0,False,,,Pintor,demo_ready,2026-01-03 01:39,,https://mack009seo.github.io/localweb-sites/pintura-y-decoración-imran/,
Fcc Medio Ambiente Jardins Mataró,"Carrer Pacheco, 90, 08301 Mataró, Barcelona, España",,jardinero,Mataró,0,0,False,,,Jardinero,demo_ready,2026-01-03 01:39,,https://mack009seo.github.io/localweb-sites/fcc-medio-ambiente-jardins-mataró/,
Jardinería Joan Cuquet,"Torrent d'en Pregària, 3, 08304 Mataró, Barcelona, España",+34 669 29 73 03,jardinero,Mataró,0,0,False,,,Jardinero,demo_ready,2026-01-03 01:39,,https://mack009seo.github.io/localweb-sites/jardinería-joan-cuquet/,
Vives P. Benavent,"Camí de les Cinc Senies, 38, 08304 Mataró, Barcelona, España",+34 937 90 69 94,jardinero,Mataró,3.6,0,False,,,Centro de jardinería,demo_ready,2026-01-03 01:39,,https://mack009seo.github.io/localweb-sites/vives-p-benavent/,
Monjardin.multiservice,"Plaça Joan XXIII, 6, 08304 Mataró, Barcelona, España",+34 677 77 01 42,jardinero,Mataró,0,0,False,,,Servicio de jardinería,demo_ready,2026-01-03 01:39,,https://mack009seo.github.io/localweb-sites/monjardinmultiservice/,
Serraller Mataró 1980,"Carrer Estrasburg, 08304 Mataró, Barcelona, España",+34 711 22 85 51,cerrajero,Mataró,0,0,False,,,Servei de serralleria d’urgències,demo_ready,2026-01-03 01:39,,https://mack009seo.github.io/localweb-sites/serraller-mataró-1980/,
A one Locks Solutions,"Carrer Fray Luis de León, 52, 08302 Mataró, Barcelona, España",+34 621 06 36 89,cerrajero,Mataró,5,0,False,,,Servei de serralleria d’urgències,demo_ready,2026-01-03 01:39,,https://mack009seo.github.io/localweb-sites/a-one-locks-solutions/,
Pavid Net S L,"Carrer de Julià Gual, 8, local esq, 08304 Mataró, Barcelona, España",+34 937 57 76 83,limpieza fachadas,Mataró,4.4,0,False,,,Servicio de limpieza,demo_ready,2026-01-03 01:39,,https://mack009seo.github.io/localweb-sites/pavid-net-s-l/,
SERVINET MARESME - SERVICIOS DE LIMPIEZA,"Carrer Floridablanca, 33, 1º 2ª, 08301 Mataró, Barcelona, España",+34 689 07 06 56,limpieza fachadas,Mataró,5,0,False,,,Servicios de limpieza,demo_ready,2026-01-03 01:39,,https://mack009seo.github.io/localweb-sites/servinet-maresme-servicios-de-limpieza/,
Selsa Mataro,"Carrer Pacheco, 90, 08301 Mataró, Barcelona, España",,limpieza fachadas,Mataró,3.7,0,False,,,Servicio de limpieza de ventanas,demo_ready,2026-01-03 01:39,,https://mack009seo.github.io/localweb-sites/selsa-mataro/,
Aluminios Ancar,"Carrer de Sant Jaume, 63, 08401 Granollers, Barcelona, España",+34 650 90 54 91,carpintero aluminio,Granollers,4.8,0,False,,,Carpintería metálica y de aluminio,demo_ready,2026-01-03 01:39,,https://mack009seo.github.io/localweb-sites/aluminios-ancar/,
Tancal Carpintería de Aluminio,"Carrer Mas Pujol, 45, 08520 Corró d'Avall, Barcelona, España",+34 938 40 02 38,carpintero aluminio,Granollers,4.1,0,False,,,Carpintería metálica y de aluminio,demo_ready,2026-01-03 01:39,,https://mack009seo.github.io/localweb-sites/tancal-carpintería-de-aluminio/,
"ALUMINIOS MIGUEL, S.L","Carrer Verge de Fátima, 7, 08420 Canovelles, Barcelona, España",+34 938 49 36 99,carpintero aluminio,Granollers,4.6,0,False,,,Carpintería metálica y de aluminio,demo_ready,2026-01-03 01:39,,https://mack009seo.github.io/localweb-sites/aluminios-miguel-sl/,
Ballús S.c.p.,"Carrer Francesc Tarafa, 2, 08402 Granollers, Barcelona, España",+34 938 79 11 91,carpintero aluminio,Granollers,0,0,False,,,Carpintería metálica y de aluminio,demo_ready,2026-01-03 01:39,,https://mack009seo.github.io/localweb-sites/ballús-scp/,
Fontanero y Electricista 24H,,+34 640 30 97 54,fontanero,Granollers,4.9,0,False,,,Fontanero,demo_ready,2026-01-03 01:39,,https://mack009seo.github.io/localweb-sites/fontanero-y-electricista-24h/,
Instalaciones Llestanos S L,"Carrer de Francesc Macià i Llussà, 136, 08401 Granollers, Barcelona, España",+34 938 70 08 09,fontanero,Granollers,3.3,0,False,,,Fontanero,demo_ready,2026-01-03 01:39,,https://mack009seo.github.io/localweb-sites/instalaciones-llestanos-s-l/,
Agustín Rodríguez Lorite,"Carrer Uruguai, 5, 08402 Granollers, Barcelona, España",+34 938 70 00 21,fontanero,Granollers,0,0,False,,,Fontanero,demo_ready,2026-01-03 01:39,,https://mack009seo.github.io/localweb-sites/agustín-rodríguez-lorite/,
Instalaciones G Manga,"Carrer Rafael Casanova, 66, 08401 Granollers, Barcelona, España",+34 647 96 30 45,fontanero,Granollers,5,0,False,,,Fontanero,demo_ready,2026-01-03 01:39,,https://mack009seo.github.io/localweb-sites/instalaciones-g-manga/,
"Asociación de Intaladores de Electricidad, Fontanería, Gas y Afines del Valle Oriental","Carrer Josep Maria de Sagarra, 68, 08402 Granollers, Barcelona, España",+34 938 70 73 40,fontanero,Granollers,5,0,False,,,Fontanero,demo_ready,2026-01-03 01:39,,https://mack009seo.github.io/localweb-sites/asociación-de-intaladores-de-electricidad-fontanería-gas-y-afines-del-valle-oriental/,
Fontanero y Electricista 24H,,+34 640 30 97 54,electricista,Granollers,4.9,0,False,,,Electricista,demo_ready,2026-01-03 01:39,,https://mack009seo.github.io/localweb-sites/fontanero-y-electricista-24h/,
Instalaciónes Empire Ros@ Servicios,"08401 Granollers, Barcelona, España",+34 673 12 98 34,electricista,Granollers,5,0,False,,,Electricista,demo_ready,2026-01-03 01:39,,https://mack009seo.github.io/localweb-sites/instalaciónes-empire-ros-servicios/,
Electric2,"Passatge Lledoner, 16, 08400 Granollers, Barcelona, España",+34 938 49 28 00,electricista,Granollers,3,0,False,,,Electricista,demo_ready,2026-01-03 01:39,,https://mack009seo.github.io/localweb-sites/electric2/,
Grup Eurovalles Electric,"08401 Granollers, Barcelona, España",,electricista,Granollers,5,0,False,,,Electricista,demo_ready,2026-01-03 01:39,,https://mack009seo.github.io/localweb-sites/grup-eurovalles-electric/,
OBRAS Y SERVICIOS NEMO ELECTRICISTA S. L,"Carrer de Girona, 32, LOCAL 4, 08402 Granollers, Barcelona, España",,electricista,Granollers,0,0,False,,,Constructor,demo_ready,2026-01-03 01:39,,https://mack009seo.github.io/localweb-sites/obras-y-servicios-nemo-electricista-s-l/,
"Asociación de Intaladores de Electricidad, Fontanería, Gas y Afines del Valle Oriental","Carrer Josep Maria de Sagarra, 68, 08402 Granollers, Barcelona, España",+34 938 70 73 40,electricista,Granollers,5,0,False,,,Fontanero,demo_ready,2026-01-03 01:39,,https://mack009seo.github.io/localweb-sites/asociación-de-intaladores-de-electricidad-fontanería-gas-y-afines-del-valle-oriental/,
Girbau Ace by Nimnar,"Travessia Tomàs Balbey, 12, 08403 Granollers, Barcelona, España",+34 938 40 14 11,aire acondicionado,Granollers,3.5,0,False,,,Empresa de climatización,demo_ready,2026-01-03 01:39,,https://mack009seo.github.io/localweb-sites/girbau-ace-by-nimnar/,
"Intergas 2015 S.L - Reparación, instalación y mantenimiento calderas y aparatos de aire acondicionado","Carrer de la Mare de Déu de Montserrat, 61, 08401 Granollers, Barcelona, España",+34 639 77 59 27,aire acondicionado,Granollers,4.8,0,False,,,Servicio de reparación de aire acondicionado,demo_ready,2026-01-03 01:39,,https://mack009seo.github.io/localweb-sites/intergas-2015-sl-reparación-instalación-y-mantenimiento-calderas-y-aparatos-de-aire-acondicionado/,
La Botiga Del Clima,"Carrer de Mollet, 22, 08401 Granollers, Barcelona, España",,aire acondicionado,Granollers,0,0,False,,,Contratista de aire acondicionado,demo_ready,2026-01-03 01:39,,https://mack009seo.github.io/localweb-sites/la-botiga-del-clima/,
Pintura i Decoració Ramón,"Carrer Primer Marquès Franqueses, 146, 08402 Granollers, Barcelona, España",+34 610 86 67 24,pintor decorator,Granollers,0,0,False,,,Pintor,demo_ready,2026-01-03 01:39,,https://mack009seo.github.io/localweb-sites/pintura-i-decoració-ramón/,
"Jose Barrios Pintor fino, limpio y responsable","Carrer de Girona, 189, 08402 Granollers, Barcelona, España",+34 936 94 20 26,pintor decorator,Granollers,0,0,False,,,Pintor,demo_ready,2026-01-03 01:39,,https://mack009seo.github.io/localweb-sites/jose-barrios-pintor-fino-limpio-y-responsable/,
PINTOR GRANOLLERS CENTRE,,+34 625 90 34 34,pintor decorator,Granollers,5,0,False,,,Pintor,demo_ready,2026-01-03 01:39,,https://mack009seo.github.io/localweb-sites/pintor-granollers-centre/,
Josep Maria Cabané,"Av. de Marie Curie, 08402 Granollers, Barcelona, España",,pintor decorator,Granollers,0,0,False,,,Pintor,demo_ready,2026-01-03 01:39,,https://mack009seo.github.io/localweb-sites/josep-maria-cabané/,
Jardí paradís,"Carrer Bartolomé Esteban Murillo, 08401 Granollers, Barcelona, España",+34 695 97 92 62,jardinero,Granollers,5,0,False,,,Jardinero,demo_ready,2026-01-03 01:39,,https://mack009seo.github.io/localweb-sites/jardí-paradís/,
Joaquín Puigdomenech Sarabia,"Carrer de Navarra, 85, 08401 Granollers, Barcelona, España",+34 938 70 65 56,jardinero,Granollers,5,0,False,,,Centro de jardinería,demo_ready,2026-01-03 01:39,,https://mack009seo.github.io/localweb-sites/joaquín-puigdomenech-sarabia/,
Floristería Pètals Granollers,"Carrer Rafael Casanova, 64, LOCAL 2, 08401 Granollers, Barcelona, España",+34 661 93 21 92,jardinero,Granollers,5,0,False,,,Servicio de jardinería,demo_ready,2026-01-03 01:39,,https://mack009seo.github.io/localweb-sites/floristería-pètals-granollers/,
"Jorge Busamia, Sl","Carrer de Joanot Martorell, 75, 08403 Granollers, Barcelona, España",+34 938 49 04 05,jardinero,Granollers,0,0,False,,,Centro de jardinería,demo_ready,2026-01-03 01:39,,https://mack009seo.github.io/localweb-sites/jorge-busamia-sl/,
Cerrajero Luis 24 Horas,"Carrer de Joan Prim, 91, 08401 Granollers, Barcelona, España",+34 621 35 48 84,cerrajero,Granollers,5,0,False,,,Cerrajero,demo_ready,2026-01-03 01:39,,https://mack009seo.github.io/localweb-sites/cerrajero-luis-24-horas/,
Serralleria Montpart,"Carrer de Sant Jaume, 13, 08401 Granollers, Barcelona, España",+34 722 32 84 65,cerrajero,Granollers,4.5,0,False,,,Cerrajero,demo_ready,2026-01-03 01:39,,https://mack009seo.github.io/localweb-sites/serralleria-montpart/,
Cerrajero Moises Granollers,"Carrer Vicenç Albarranch, 08402 Granollers, Barcelona, España",,cerrajero,Granollers,0,0,False,,,Cerrajero,demo_ready,2026-01-03 01:39,,https://mack009seo.github.io/localweb-sites/cerrajero-moises-granollers/,
el teu serraller alfred,"Carrer d'Alfons IV, 74, 08401 Granollers, Barcelona, España",+34 611 04 41 85,cerrajero,Granollers,0,0,False,,,Servei de serralleria d’urgències,demo_ready,2026-01-03 01:39,,https://mack009seo.github.io/localweb-sites/el-teu-serraller-alfred/,
cerrajeros nou barris jordy,"Carrer d'Enric Prat de la Riba, 24, 08401 Granollers, Barcelona, España",+34 611 07 72 64,cerrajero,Granollers,5,0,False,,,Comercio,demo_ready,2026-01-03 01:39,,https://mack009seo.github.io/localweb-sites/cerrajeros-nou-barris-jordy/,
Serraller Soriano 1987,"Carrer de Barcelona, 63, 08401 Granollers, Barcelona, España",+34 644 04 41 85,cerrajero,Granollers,0,0,False,,,Servei de serralleria d’urgències,demo_ready,2026-01-03 01:39,,https://mack009seo.github.io/localweb-sites/serraller-soriano-1987/,
Limpiezas Granollers - Empresa de Limpieza en Granollers,"Carrer de Sant Jaume, 67, 08401 Granollers, Barcelona, España",+34 936 94 07 86,limpieza fachadas,Granollers,5,0,False,,,Servicio de limpieza,demo_ready,2026-01-03 01:39,,https://mack009seo.github.io/localweb-sites/limpiezas-granollers-empresa-de-limpieza-en-granollers/,
Reformas Vangi,,+34 697 66 78 27,reformas baño,Sant Cugat del Vallès,5,0,False,,,Reformas,demo_ready,2026-01-03 01:39,,https://mack009seo.github.io/localweb-sites/reformas-vangi/,
Construccion y reformas Integrales,"Carrer d'Orient, 78, 08172 Sant Cugat del Vallès, Barcelona, España",+34 936 75 13 59,reformas integrales,Sant Cugat del Vallès,4.5,0,False,,,Contratista,demo_ready,2026-01-03 01:39,,https://mack009seo.github.io/localweb-sites/construccion-y-reformas-integrales/,
Novavida Reformas Integrales Sant Cugat,"Carrer del Rusc, 6, 08197 Sant Cugat del Vallès, Barcelona, España",+34 640 06 51 70,reformas integrales,Sant Cugat del Vallès,0,0,False,,,Reformas,demo_ready,2026-01-03 01:39,,https://mack009seo.github.io/localweb-sites/novavida-reformas-integrales-sant-cugat/,
REFORMAS INTEGRALES 24H S.L,,+34 649 97 49 86,reformas integrales,Sant Cugat del Vallès,0,0,False,,,Reformas,demo_ready,2026-01-03 01:39,,https://mack009seo.github.io/localweb-sites/reformas-integrales-24h-sl/,
SZ Reformas Integrales,,+34 647 55 56 26,reformas integrales,Sant Cugat del Vallès,0,0,False,,,Reformas,demo_ready,2026-01-03 01:39,,https://mack009seo.github.io/localweb-sites/sz-reformas-integrales/,
Reformas al Cuadrado,"Carrer del Dos de Maig, 25, 1ª6ª, 08172 Sant Cugat del Vallès, Barcelona, España",+34 605 05 20 41,reformas integrales,Sant Cugat del Vallès,0,0,False,,,Reformas,demo_ready,2026-01-03 01:39,,https://mack009seo.github.io/localweb-sites/reformas-al-cuadrado/,
Ecoalum Carpintería Sostenible,,+34 699 17 25 20,carpintero aluminio,Sant Cugat del Vallès,4.8,0,False,,,Carpintería metálica y de aluminio,demo_ready,2026-01-03 01:39,,https://mack009seo.github.io/localweb-sites/ecoalum-carpintería-sostenible/,
Carpintero Ebanista Salvador Navarra Sant Cugat del Vallés,"Carrer del Dos de Maig, 13, 08172 Sant Cugat del Vallès, Barcelona, España",+34 622 43 59 92,carpintero aluminio,Sant Cugat del Vallès,4.5,0,False,,,Carpintero,demo_ready,2026-01-03 01:39,,https://mack009seo.github.io/localweb-sites/carpintero-ebanista-salvador-navarra-sant-cugat-del-vallés/,
Aroaluminis Tot En Alumini,"Passeig dels Til·lers, 21, 08198 Sant Cugat del Vallès, Barcelona, España",+34 629 99 21 84,carpintero aluminio,Sant Cugat del Vallès,0,0,False,,,Carpintería metálica y de aluminio,demo_ready,2026-01-03 01:39,,https://mack009seo.github.io/localweb-sites/aroaluminis-tot-en-alumini/,
Francisco Claudio Díaz Segura,"Avinguda de Cerdanyola, 22, 08172 Sant Cugat del Vallès, Barcelona, España",+34 936 75 10 69,fontanero,Sant Cugat del Vallès,3,0,False,,,Fontanero,demo_ready,2026-01-03 01:39,,https://mack009seo.github.io/localweb-sites/francisco-claudio-díaz-segura/,
Jvc Profesional Europa Limited Sucursal En España,"Carrer Sant Cugat, 88, 08173 Sant Cugat del Vallès, Barcelona, España",+34 902 51 36 60,electricista,Sant Cugat del Vallès,0,0,False,,,Electricista,demo_ready,2026-01-03 01:39,,https://mack009seo.github.io/localweb-sites/jvc-profesional-europa-limited-sucursal-en-españa/,
Tecnoelectric,"Carrer de los Castillejos, 52, 08172 Sant Cugat del Vallès, Barcelona, España",+34 614 08 38 60,electricista,Sant Cugat del Vallès,0,0,False,,,Electricista,demo_ready,2026-01-03 01:39,,https://mack009seo.github.io/localweb-sites/tecnoelectric/,
Talleres Nogués Montajes Electrónicos,"Carrer d'Orient, 59, 08172 Sant Cugat del Vallès, Barcelona, España",,electricista,Sant Cugat del Vallès,5,0,False,,,Electricista,demo_ready,2026-01-03 01:39,,https://mack009seo.github.io/localweb-sites/talleres-nogués-montajes-electrónicos/,
MD Electric,"Avinguda de Cerdanyola, 73, 08172 Sant Cugat del Vallès, Barcelona, España",,electricista,Sant Cugat del Vallès,5,0,False,,,Electricista,demo_ready,2026-01-03 01:39,,https://mack009seo.github.io/localweb-sites/md-electric/,
3P Elèctric,"Carrer d'Aymerich, 08173 Sant Cugat del Vallès, Barcelona, España",,electricista,Sant Cugat del Vallès,0,0,False,,,Electricista,demo_ready,2026-01-03 01:39,,https://mack009seo.github.io/localweb-sites/3p-elèctric/,
Integral de Ingeniería e Instalaciones S L,"Avinguda de Cerdanyola, 79, 08172 Sant Cugat del Vallès, Barcelona, España",+34 936 22 21 80,electricista,Sant Cugat del Vallès,0,0,False,,,Electricista,demo_ready,2026-01-03 01:39,,https://mack009seo.github.io/localweb-sites/integral-de-ingeniería-e-instalaciones-s-l/,
Neix Instalnova 25,"Passatge de la Diputació, 46, 08172 Sant Cugat del Vallès, Barcelona, España",+34 936 74 80 60,electricista,Sant Cugat del Vallès,0,0,False,,,Electricista,demo_ready,2026-01-03 01:39,,https://mack009seo.github.io/localweb-sites/neix-instalnova-25/,
Cofely España S A U,"Carrer del Sena, 08174 Sant Cugat del Vallès, Barcelona, España",+34 935 84 88 59,electricista,Sant Cugat del Vallès,0,0,False,,,Electricista,demo_ready,2026-01-03 01:39,,https://mack009seo.github.io/localweb-sites/cofely-españa-s-a-u/,
Calderas y Aire Acondicionado Sant Cugat 659319761,"Carrer del Vallès, 10, 08172 Sant Cugat del Vallès, Barcelona, España",,aire acondicionado,Sant Cugat del Vallès,0,0,False,,,Empresa de climatización,demo_ready,2026-01-03 01:39,,https://mack009seo.github.io/localweb-sites/calderas-y-aire-acondicionado-sant-cugat-659319761/,
Instaladores Placas Solares,"Pg. de Francesc Macià, 84, 1- 4, 08173 Sant Cugat del Vallès, Barcelona, España",+34 653 11 35 38,instalador placas solares,Sant Cugat del Vallès,0,0,False,,,Proveedor de energía ecológica,demo_ready,2026-01-03 01:39,,https://mack009seo.github.io/localweb-sites/instaladores-placas-solares/,
S.M Pinturas revestimiento y mas,"Carrer de Montserrat, 6, 2-1, 08172 Barcelona, España",+34 662 43 37 65,pintor decorator,Sant Cugat del Vallès,5,0,False,,,Pintor,demo_ready,2026-01-03 01:39,,https://mack009seo.github.io/localweb-sites/sm-pinturas-revestimiento-y-mas/,
Centre Jardineria Masó-Navarro,"Carretera de Rubí, Km. 4, 08190 Sant Cugat del Vallès, Barcelona, España",+34 936 75 37 02,jardinero,Sant Cugat del Vallès,4.2,0,False,,,Centro de jardinería,demo_ready,2026-01-03 01:39,,https://mack009seo.github.io/localweb-sites/centre-jardineria-masó-navarro/,
Jardinería Magnólia,,+34 628 74 59 22,jardinero,Sant Cugat del Vallès,5,0,False,,,Jardinero,demo_ready,2026-01-03 01:39,,https://mack009seo.github.io/localweb-sites/jardinería-magnólia/,
Jardi art Sant Cugat,,+34 691 31 14 63,jardinero,Sant Cugat del Vallès,4.9,0,False,,,Servicio de jardinería,demo_ready,2026-01-03 01:39,,https://mack009seo.github.io/localweb-sites/jardi-art-sant-cugat/,
Dimi Reformes - Vallès Occidental,"Carrer de Bellaterra, 2, 1º4º, 08173 Sant Cugat del Vallès, Barcelona, España",+34 627 75 20 68,jardinero,Sant Cugat del Vallès,4.3,0,False,,,Jardinero,demo_ready,2026-01-03 01:39,,https://mack009seo.github.io/localweb-sites/dimi-reformes-vallès-occidental/,
tucerrajeroSantCugat,"Carrer dels Marges, 08172 Sant Cugat del Vallès, Barcelona, España",+34 694 29 40 74,cerrajero,Sant Cugat del Vallès,5,0,False,,,Servei de serralleria d’urgències,demo_ready,2026-01-03 01:39,,https://mack009seo.github.io/localweb-sites/tucerrajerosantcugat/,
SerrallerAndreus,"Carrer del Carme, 08172 Sant Cugat del Vallès, Barcelona, España",,cerrajero,Sant Cugat del Vallès,0,0,False,,,Cerrajero,demo_ready,2026-01-03 01:39,,https://mack009seo.github.io/localweb-sites/serrallerandreus/,
Cerrajería Dámaso Álvarez,"Carrer de Joan XXIII, 20, 08173 Sant Cugat del Vallès, Barcelona, España",+34 664 38 83 22,cerrajero,Sant Cugat del Vallès,5,0,False,,,Cerrajero,demo_ready,2026-01-03 01:39,,https://mack009seo.github.io/localweb-sites/cerrajería-dámaso-álvarez/,
CAL SABATER,"Carrer dels Pous, 4, 08172 Sant Cugat del Vallès, Barcelona, España",,cerrajero,Sant Cugat del Vallès,4.4,0,False,,,Zapatero,demo_ready,2026-01-03 01:39,,https://mack009seo.github.io/localweb-sites/cal-sabater/,
