prospect_id,nombre,categoria,telefono_normalizado,telefono,direccion,ubicacion,valoracion,num_reseñas,status,date_added,google_maps_link,tiene_web,website,tipo,source_file
BCN-0001,Carpinteria de aluminio Jos-mar SL.,carpintero aluminio,+34934110290,+34 934 11 02 90,"Carrer de Cardó, 9, Sants-Montjuïc, 08028 Barcelona",Barcelona,5.0,0,pending,2026-01-02,,False,,Carpintería metálica y de aluminio,amb_barcelona_sin_web_20260102_223732.csv
BCN-0002,ELECTRICISTA LEANDRO,electricista,+34615610139,+34 615 61 01 39,"Carrer de los Castillejos, 251, Eixample, 08013 Barcelona",Barcelona,5.0,0,pending,2026-01-02,,False,,Electricista,amb_barcelona_sin_web_20260102_223732.csv
BCN-0003,AMJ PINTORES BARCELONA,pintor decorator,+34651911721,+34 651 91 17 21,"Carrer de la Foneria, 18, 1ro, 2da, Sants-Montjuïc, 08038 Barcelona",Barcelona,5.0,0,pending,2026-01-02,,False,,Pintor,amb_barcelona_sin_web_20260102_223732.csv
BCN-0004,Rehabilitación de Tejados Tapar en Barcelona,limpieza fachadas,+34931317868,+34 931 31 78 68,"Ronda de la Guineueta Vella, 54, Nou Barris, 08042 Barcelona",Barcelona,5.0,0,pending,2026-01-02,,False,,Servicio de restauración de edificios,amb_barcelona_sin_web_20260102_223732.csv
BCN-0005,"Ikra Reformas e Interiorismo, S.L.",reformas cocina,+34933385133,+34 933 38 51 33,"Av. de Ventura Gassol, 15, 08901 L'Hospitalet de Llobregat, Barcelona",L'Hospitalet de Llobregat,5.0,0,pending,2026-01-02,,False,,Reformas,amb_barcelona_sin_web_20260102_223732.csv
BCN-0006,Carpintería José Ferreiro,carpintero aluminio,+34933323209,+34 933 32 32 09,"Ronda de la Via, 59, 08903 L'Hospitalet de Llobregat, Barcelona",L'Hospitalet de Llobregat,5.0,0,pending,2026-01-02,,False,,Carpintería metálica y de aluminio,amb_barcelona_sin_web_20260102_223732.csv
BCN-0007,Mi espacio int,fontanero,+34634136332,+34 634 13 63 32,"Carrer Provença, 52-56, 08901 L'Hospitalet de Llobregat, Barcelona",L'Hospitalet de Llobregat,5.0,0,pending,2026-01-02,,False,,Fontanero,amb_barcelona_sin_web_20260102_223732.csv
BCN-0008,"Fontanero,electricista,pintor, reformas, lampista",fontanero,+34602809941,+34 602 80 99 41,"Plaça de Provençana, 08902 L'Hospitalet de Llobregat, Barcelona",L'Hospitalet de Llobregat,5.0,0,pending,2026-01-02,,False,,Fontanero,amb_barcelona_sin_web_20260102_223732.csv
BCN-0009,Macris,fontanero,+34934491322,+34 934 49 13 22,"Carrer de les Aigües del Llobregat, 51, 08905 L'Hospitalet de Llobregat, Barcelona",L'Hospitalet de Llobregat,5.0,0,pending,2026-01-02,,False,,Fontanero,amb_barcelona_sin_web_20260102_223732.csv
BCN-0010,Instalaciones Lamai,electricista,+34602600686,+34 602 60 06 86,"Carrer Martí Codolar, 47, 08902 L'Hospitalet de Llobregat, Barcelona",L'Hospitalet de Llobregat,5.0,0,pending,2026-01-02,,False,,Electricista,amb_barcelona_sin_web_20260102_223732.csv
BCN-0011,Instalaciones DFG,electricista,+34684149314,+34 684 14 93 14,"08901 L'Hospitalet de Llobregat, Barcelona",L'Hospitalet de Llobregat,5.0,0,pending,2026-01-02,,False,,Electricista,amb_barcelona_sin_web_20260102_223732.csv
BCN-0012,Conductos de Aire Acondicionado los Gallegos S.L.,aire acondicionado,+34932615280,+34 932 61 52 80,"Carrer Josep Maria de Sagarra, 41, 08901 L'Hospitalet de Llobregat, Barcelona",L'Hospitalet de Llobregat,5.0,0,pending,2026-01-02,,False,,Contratista de aire acondicionado,amb_barcelona_sin_web_20260102_223732.csv
BCN-0013,Solarnavy | Instalación de paneles solares,instalador placas solares,,,,L'Hospitalet de Llobregat,5.0,0,pending,2026-01-02,,False,,Solar energy company,amb_barcelona_sin_web_20260102_223732.csv
BCN-0014,El Pintor del Barrio,pintor decorator,+34626206636,+34 626 20 66 36,"Rambla de la Marina, 341, 08907 L'Hospitalet de Llobregat, Barcelona",L'Hospitalet de Llobregat,5.0,0,pending,2026-01-02,,False,,Pintor,amb_barcelona_sin_web_20260102_223732.csv
BCN-0015,Agencia Font,jardinero,+34602098681,+34 602 09 86 81,"Carrer Font, 64, 08905 L'Hospitalet de Llobregat, Barcelona",L'Hospitalet de Llobregat,5.0,0,pending,2026-01-02,,False,,Jardinero,amb_barcelona_sin_web_20260102_223732.csv
BCN-0016,Cerrajero Alex L'Hospitalet de Llobregat,cerrajero,+34680149670,+34 680 14 96 70,"Carrer de Vallparda, 08904 L'Hospitalet de Llobregat, Barcelona",L'Hospitalet de Llobregat,5.0,0,pending,2026-01-02,,False,,Servei de serralleria d’urgències,amb_barcelona_sin_web_20260102_223732.csv
BCN-0017,Cerrajería Tecnillaves,cerrajero,+34666636553,+34 666 63 65 53,"Carrer d'Enric Prat de la Riba, 222, 08901 L'Hospitalet de Llobregat, Barcelona",L'Hospitalet de Llobregat,5.0,0,pending,2026-01-02,,False,,Botiga de panys,amb_barcelona_sin_web_20260102_223732.csv
BCN-0018,Limpiezas Hospitalet de Llobregat - Empresa de limpieza,limpieza fachadas,+34644571207,+34 644 57 12 07,"Carrer de l'Ermita de Bellvitge, 43, 08907 L'Hospitalet de Llobregat, Barcelona",L'Hospitalet de Llobregat,5.0,0,pending,2026-01-02,,False,,Servicios de limpieza,amb_barcelona_sin_web_20260102_223732.csv
BCN-0019,Carpintería de aluminio y hierro ALUCLAVER,carpintero aluminio,+34933838208,+34 933 83 82 08,"Carrer de Venus, 13, 08914 Badalona, Barcelona",Badalona,5.0,0,pending,2026-01-02,,False,,Taller de metalurgia,amb_barcelona_sin_web_20260102_223732.csv
BCN-0020,Carpintería keysi’s alumini,carpintero aluminio,+34607798929,+34 607 79 89 29,"Carrer del Mariscal Cabanes, 08918 Badalona, Barcelona",Badalona,5.0,0,pending,2026-01-02,,False,,Carpintería metálica y de aluminio,amb_barcelona_sin_web_20260102_223732.csv
BCN-0021,fontanero marroquí,fontanero,+34678752548,+34 678 75 25 48,,Badalona,5.0,0,pending,2026-01-02,,False,,Fontanero,amb_barcelona_sin_web_20260102_223732.csv
BCN-0022,FONTANERO Y ELECTRICISTA MARC,fontanero,+34624499905,+34 624 49 99 05,"Carrer de l'Abat Odó, 62, Sant Andreu, 08030 Barcelona",Badalona,5.0,0,pending,2026-01-02,,False,,Fontanero,amb_barcelona_sin_web_20260102_223732.csv
BCN-0023,ELECTRICISTAS BADALONA,electricista,+34634972844,+34 634 97 28 44,"Carrer de la Quintana Alta, 63, 08911 Badalona, Barcelona",Badalona,5.0,0,pending,2026-01-02,,False,,Electricista,amb_barcelona_sin_web_20260102_223732.csv
BCN-0024,Electricidad Urgente Bcn ✅⭐⭐⭐⭐⭐,electricista,+34632779530,+34 632 77 95 30,"Carrer del Mariscal Cabanes, 45, 08918 Badalona, Barcelona",Badalona,5.0,0,pending,2026-01-02,,False,,Electricista,amb_barcelona_sin_web_20260102_223732.csv
BCN-0025,Cuadros Eléctricos e Instalaciones S.L.U.,electricista,+34937605882,+34 937 60 58 82,"Carrer del General Weyler, 190-194, Local 1B, 08912 Badalona, Barcelona",Badalona,5.0,0,pending,2026-01-02,,False,,Servicio de instalación eléctrica,amb_barcelona_sin_web_20260102_223732.csv
BCN-0026,Barnainstal,aire acondicionado,+34636659888,+34 636 65 98 88,"Rambla de Sant Joan, 51, 08912 Badalona, Barcelona",Badalona,5.0,0,pending,2026-01-02,,False,,Tienda aire acondicionado,amb_barcelona_sin_web_20260102_223732.csv
BCN-0027,Helios Energy Europe Sl,instalador placas solares,+34933136162,+34 933 13 61 62,"Carrer del Xarol, 13, 08915 Badalona, Barcelona",Badalona,5.0,0,pending,2026-01-02,,False,,Proveedor de equipos de energía solar,amb_barcelona_sin_web_20260102_223732.csv
BCN-0028,Pindeco,pintor decorator,+34615204665,+34 615 20 46 65,,Badalona,5.0,0,pending,2026-01-02,,False,,Pintor,amb_barcelona_sin_web_20260102_223732.csv
BCN-0029,Gestió Jardí Brugué,jardinero,,,"Carrer de Martí i Julià, 1-3, 08911 Badalona, Barcelona",Badalona,5.0,0,pending,2026-01-02,,False,,Jardinero,amb_barcelona_sin_web_20260102_223732.csv
BCN-0030,Marc Martí,cerrajero,+34684719923,+34 684 71 99 23,"Carrer de Maragall, 48, 08912 Badalona, Barcelona",Badalona,5.0,0,pending,2026-01-02,,False,,Servei de serralleria d’urgències,amb_barcelona_sin_web_20260102_223732.csv
BCN-0031,LIMPIEZAS PLATA,limpieza fachadas,+34657990471,+34 657 99 04 71,"Av. de Catalunya, 46, 08917 Badalona, Barcelona",Badalona,5.0,0,pending,2026-01-02,,False,,Servicios de limpieza,amb_barcelona_sin_web_20260102_223732.csv
BCN-0032,EMPRESA DE RESTAURACION Y REHABILITACION DE FACHADAS,limpieza fachadas,+34670212647,+34 670 21 26 47,"Carrer de la Festa Major d'Iquique, 11, Local 2, 08930 Badalona, Barcelona",Badalona,5.0,0,pending,2026-01-02,,False,,Reformas,amb_barcelona_sin_web_20260102_223732.csv
BCN-0033,"nueva reforma sabadell REFORMA DE COCINA SABADELL REFORMA DE BAÑO SABADELL, LAMPISTA SABADELL",reformas cocina,+34610358724,+34 610 35 87 24,"Av. de Matadepera, 3, 08207 Sabadell, Barcelona",Sabadell,5.0,0,pending,2026-01-02,,False,,Reformas de cocinas,amb_barcelona_sin_web_20260102_223732.csv
BCN-0034,MOSQUITERAS SABADELL,carpintero aluminio,+34606758779,+34 606 75 87 79,"Passeig del Dos de Maig, 33, 08204 Sabadell, Barcelona",Sabadell,5.0,0,pending,2026-01-02,,False,,Carpintería metálica y de aluminio,amb_barcelona_sin_web_20260102_223732.csv
BCN-0035,Instalaciones Vilchez: Electricista y fontanero,fontanero,+34634221192,+34 634 22 11 92,"Carrer de Viladomat, 08205 Sabadell, Barcelona",Sabadell,5.0,0,pending,2026-01-02,,False,,Fontanero,amb_barcelona_sin_web_20260102_223732.csv
BCN-0036,El Fontanero Juan,fontanero,+34625071102,+34 625 07 11 02,"Carrer d'en Bac de Roda, 24, 08204 Sabadell, Barcelona",Sabadell,5.0,0,pending,2026-01-02,,False,,Fontanero,amb_barcelona_sin_web_20260102_223732.csv
BCN-0037,Jefferson Construcciónes,fontanero,+34640262048,+34 640 26 20 48,"Carrer de Sallarès i Pla, 2, 08202 Sabadell, Barcelona",Sabadell,5.0,0,pending,2026-01-02,,False,,Fontanero,amb_barcelona_sin_web_20260102_223732.csv
BCN-0038,Algoma Instalaciones,fontanero,+34696158789,+34 696 15 87 89,"Carrer de las Navas, 90, 08208 Sabadell, Barcelona",Sabadell,5.0,0,pending,2026-01-02,,False,,Fontanero,amb_barcelona_sin_web_20260102_223732.csv
BCN-0039,"electricidad NG EMERGENCIAS 24h,agua , gas , datos , industrial ,domiciliaria",electricista,+34666113080,+34 666 11 30 80,"08204 Sabadell, Barcelona",Sabadell,5.0,0,pending,2026-01-02,,False,,Electricista,amb_barcelona_sin_web_20260102_223732.csv
BCN-0040,El llauner del barri,electricista,+34671798826,+34 671 79 88 26,,Sabadell,5.0,0,pending,2026-01-02,,False,,Electricista,amb_barcelona_sin_web_20260102_223732.csv
BCN-0041,Instalaciones Jorvid.,electricista,+34647977768,+34 647 97 77 68,"Calle de la Jabonería, 47, 08204 Sabadell, Barcelona",Sabadell,5.0,0,pending,2026-01-02,,False,,Electricista,amb_barcelona_sin_web_20260102_223732.csv
BCN-0042,Climatiza Innovación,aire acondicionado,+34605734635,+34 605 73 46 35,"Carrer de Petrarca, 16, 08206 Sabadell, Barcelona",Sabadell,5.0,0,pending,2026-01-02,,False,,Servicio de reparación de aire acondicionado,amb_barcelona_sin_web_20260102_223732.csv
BCN-0043,AEROSOLAR RENOVABLES S.L.,aire acondicionado,,,"Oficinas y Almacén, Carrer de l'Anoia, 8, 08192 Sant Quirze del Vallès, Barcelona",Sabadell,5.0,0,pending,2026-01-02,,False,,Empresa de climatización,amb_barcelona_sin_web_20260102_223732.csv
BCN-0044,artyestuc pintors,pintor decorator,+34678289787,+34 678 28 97 87,"Carrer de Viladomat, 63, 08205 Sabadell, Barcelona",Sabadell,5.0,0,pending,2026-01-02,,False,,Pintor,amb_barcelona_sin_web_20260102_223732.csv
BCN-0045,SBD Revestiments,pintor decorator,+34677073426,+34 677 07 34 26,"Carrer dels Calders, 83, 1º 3º, 08203 Sabadell, Barcelona",Sabadell,5.0,0,pending,2026-01-02,,False,,Pintor,amb_barcelona_sin_web_20260102_223732.csv
BCN-0046,La ceba jardins,jardinero,+34695608409,+34 695 60 84 09,"Santiago de Compostela 14, 08204 Sabadell, Barcelona",Sabadell,5.0,0,pending,2026-01-02,,False,,Servicio de jardinería,amb_barcelona_sin_web_20260102_223732.csv
BCN-0047,Roser 1988,cerrajero,+34644066210,+34 644 06 62 10,"Carrer de Pérez Moya, 70, 08204 Sabadell, Barcelona",Sabadell,5.0,0,pending,2026-01-02,,False,,Cerrajero,amb_barcelona_sin_web_20260102_223732.csv
BCN-0048,CerrajerosCalmet37,cerrajero,+34607522567,+34 607 52 25 67,"Carrer de Manso, 143, 08205 Sabadell, Barcelona",Sabadell,5.0,0,pending,2026-01-02,,False,,Cerrajero,amb_barcelona_sin_web_20260102_223732.csv
BCN-0049,Idc Cocinas,reformas cocina,+34931910886,+34 931 91 08 86,"Carrer de Núria, 73, 08224 Terrassa, Barcelona",Terrassa,5.0,0,pending,2026-01-02,,False,,Comercio,amb_barcelona_sin_web_20260102_223732.csv
BCN-0050,moncuinesdisseny,reformas cocina,+34619572596,+34 619 57 25 96,"Carrer Sabadell, 7, 08225 Terrassa, Barcelona",Terrassa,5.0,0,pending,2026-01-02,,False,,Reformas de cocinas,amb_barcelona_sin_web_20260102_223732.csv
BCN-0051,Reformas Integrales J.Terret,reformas baño,+34650794038,+34 650 79 40 38,,Terrassa,5.0,0,pending,2026-01-02,,False,,Reformas,amb_barcelona_sin_web_20260102_223732.csv
BCN-0052,Mapesi Terrassa Sl,fontanero,+34937311158,+34 937 31 11 58,"Carrer de Bosch i Gimpera, 23, 08223 Terrassa, Barcelona",Terrassa,5.0,0,pending,2026-01-02,,False,,Fontanero,amb_barcelona_sin_web_20260102_223732.csv
BCN-0053,Joan Comallonga Galí,fontanero,+34639158424,+34 639 15 84 24,"Carrer de Pitàgores, 65, 08224 Terrassa, Barcelona",Terrassa,5.0,0,pending,2026-01-02,,False,,Fontanero,amb_barcelona_sin_web_20260102_223732.csv
BCN-0054,Ruiz,fontanero,+34937314414,+34 937 31 44 14,"Carrer Mare de Déu de las Angustias, 93, 08222 Terrassa, Barcelona",Terrassa,5.0,0,pending,2026-01-02,,False,,Fontanero,amb_barcelona_sin_web_20260102_223732.csv
BCN-0055,Antonio Alvarez Corral,fontanero,+34616424304,+34 616 42 43 04,"Carrer del Masnou, 3, 08227 Terrassa, Barcelona",Terrassa,5.0,0,pending,2026-01-02,,False,,Fontanero,amb_barcelona_sin_web_20260102_223732.csv
BCN-0056,Mi instalador,fontanero,+34659287773,+34 659 28 77 73,,Terrassa,5.0,0,pending,2026-01-02,,False,,Fontanero,amb_barcelona_sin_web_20260102_223732.csv
BCN-0057,Santiago Serrano García,fontanero,,,"Carrer de la Duquessa de la Victòria, 81, Can Palet, 08223 Terrassa, Barcelona",Terrassa,5.0,0,pending,2026-01-02,,False,,Fontanero,amb_barcelona_sin_web_20260102_223732.csv
BCN-0058,instalacions García,fontanero,+34627166313,+34 627 16 63 13,,Terrassa,5.0,0,pending,2026-01-02,,False,,Fontanero,amb_barcelona_sin_web_20260102_223732.csv
BCN-0059,Amperio Network Electricidad,electricista,+34631878928,+34 631 87 89 28,,Terrassa,5.0,0,pending,2026-01-02,,False,,Servicio de instalación eléctrica,amb_barcelona_sin_web_20260102_223732.csv
BCN-0060,Electricidad Quimi,electricista,+34657953689,+34 657 95 36 89,"Carrer Nou de Sant Pere, 1, Atico, 08221 Terrassa, Barcelona",Terrassa,5.0,0,pending,2026-01-02,,False,,Electricista,amb_barcelona_sin_web_20260102_223732.csv
BCN-0061,Instalaciones Electricas Maldonado,electricista,+34931373614,+34 931 37 36 14,"Carrer de Sant Mateu, 2, 08224 Terrassa, Barcelona",Terrassa,5.0,0,pending,2026-01-02,,False,,Electricista,amb_barcelona_sin_web_20260102_223732.csv
BCN-0062,APFCLIMA2023,aire acondicionado,+34688401769,+34 688 40 17 69,"Avinguda de Joaquim de Sagrera, 08224 Terrassa, Barcelona",Terrassa,5.0,0,pending,2026-01-02,,False,,Tienda aire acondicionado,amb_barcelona_sin_web_20260102_223732.csv
BCN-0063,Pintor Vizuete,pintor decorator,+34607194620,+34 607 19 46 20,"Av. de Béjar, 08225 Terrassa, Barcelona",Terrassa,5.0,0,pending,2026-01-02,,False,,Pintor,amb_barcelona_sin_web_20260102_223732.csv
BCN-0064,Pinturas y de decoración Mariano Cano,pintor decorator,+34626119265,+34 626 11 92 65,"Carrer Prat de la Ribas, Carrer de Prat de la Riba, 08226 Terrassa, Barcelona",Terrassa,5.0,0,pending,2026-01-02,,False,,Pintor,amb_barcelona_sin_web_20260102_223732.csv
BCN-0065,Remuntdecor S.C.P.,pintor decorator,+34663131117,+34 663 13 11 17,"Carrer de Miquel Palomares, 46, 08226 Terrassa, Barcelona",Terrassa,5.0,0,pending,2026-01-02,,False,,Pintor,amb_barcelona_sin_web_20260102_223732.csv
BCN-0066,seduction of the colors sl,pintor decorator,+34653660294,+34 653 66 02 94,"Carrer Sabadell, 08225 Terrassa, Barcelona",Terrassa,5.0,0,pending,2026-01-02,,False,,Pintor,amb_barcelona_sin_web_20260102_223732.csv
BCN-0067,Pinturas & Reformas Bazoli,pintor decorator,+34627159773,+34 627 15 97 73,"Carrer de la Hispanitat, 18, Can Boada, 08225 Terrassa, Barcelona",Terrassa,5.0,0,pending,2026-01-02,,False,,Pintor,amb_barcelona_sin_web_20260102_223732.csv
BCN-0068,Jardinería Terrassa,jardinero,+34644905554,+34 644 90 55 54,"Carrer de Flandes, 3, 08224 Terrassa, Barcelona",Terrassa,5.0,0,pending,2026-01-02,,False,,Servicio de jardinería,amb_barcelona_sin_web_20260102_223732.csv
BCN-0069,Simanya jardiners (Can Roca),jardinero,+34633017393,+34 633 01 73 93,"Av. de Béjar, 16, 08225 Terrassa, Barcelona",Terrassa,5.0,0,pending,2026-01-02,,False,,Jardinero,amb_barcelona_sin_web_20260102_223732.csv
BCN-0070,Xavier Fontas,jardinero,+34647572249,+34 647 57 22 49,"Carrer de l'Agricultura, 48, Can Palet, 08223 Terrassa, Barcelona",Terrassa,5.0,0,pending,2026-01-02,,False,,Jardinero,amb_barcelona_sin_web_20260102_223732.csv
BCN-0071,JaimeSerraller 24H/7D,cerrajero,+34711200024,+34 711 20 00 24,"Carrer del Germà Joaquim, 7, Can Palet, 08223 Terrassa, Barcelona",Terrassa,5.0,0,pending,2026-01-02,,False,,Cerrajero,amb_barcelona_sin_web_20260102_223732.csv
BCN-0072,Puertas Alarmas Y Automatismo Turkamatic,cerrajero,+34637335533,+34 637 33 55 33,"Carrer de Bilbao, 38, 08227 Terrassa, Barcelona",Terrassa,5.0,0,pending,2026-01-02,,False,,Cerrajero,amb_barcelona_sin_web_20260102_223732.csv
BCN-0073,Reformes D.M.,reformas cocina,+34633199274,+34 633 19 92 74,"Ctra. de Mata, 60, 08304 Mataró, Barcelona",Mataró,5.0,0,pending,2026-01-02,,False,,Reformas,amb_barcelona_sin_web_20260102_223732.csv
BCN-0074,El Món De La Reforma,reformas baño,+34930013976,+34 930 01 39 76,"Carrer de Pompeu Fabra, 27, 08302 Mataró, Barcelona",Mataró,5.0,0,pending,2026-01-02,,False,,Proveedor de materiales de construcción,amb_barcelona_sin_web_20260102_223732.csv
BCN-0075,Rafael Soler Ferrer,reformas baño,+34678420746,+34 678 42 07 46,"Carrer Fray Luis de León, 36, bajo 1, 08302 Mataró, Barcelona",Mataró,5.0,0,pending,2026-01-02,,False,,Reformas de baños,amb_barcelona_sin_web_20260102_223732.csv
BCN-0076,Vidrios Y Aluminios E Martín,carpintero aluminio,+34937987901,+34 937 98 79 01,"Carrer de Pineda, 15, 08303 Mataró, Barcelona",Mataró,5.0,0,pending,2026-01-02,,False,,Carpintería metálica y de aluminio,amb_barcelona_sin_web_20260102_223732.csv
BCN-0077,Aluminis y Vidres DIAZ,carpintero aluminio,+34937997008,+34 937 99 70 08,"Camí de la Geganta, 107, 08302 Mataró, Barcelona",Mataró,5.0,0,pending,2026-01-02,,False,,Ventana de aluminio,amb_barcelona_sin_web_20260102_223732.csv
BCN-0078,Empresa desatascos Mataró,fontanero,+34658819780,+34 658 81 97 80,"Carrer Turó de Montgat, 1, 08304 Mataró, Barcelona",Mataró,5.0,0,pending,2026-01-02,,False,,Fontanero,amb_barcelona_sin_web_20260102_223732.csv
BCN-0079,Electricidad Y Telecomunicaciones Martínez,electricista,+34937577776,+34 937 57 77 76,"Carrer dels Almogàvers, 10, 08303 Mataró, Barcelona",Mataró,5.0,0,pending,2026-01-02,,False,,Electricista,amb_barcelona_sin_web_20260102_223732.csv
BCN-0080,Electronova Instal·lacions,electricista,+34676265645,+34 676 26 56 45,"Carrer del Massevà, 42, 08302 Mataró, Barcelona",Mataró,5.0,0,pending,2026-01-02,,False,,Electricista,amb_barcelona_sin_web_20260102_223732.csv
BCN-0081,ELECTRO SERVEI,electricista,+34607858538,+34 607 85 85 38,"Carrer de Sant Cugat, 103, 08302 Mataró, Barcelona",Mataró,5.0,0,pending,2026-01-02,,False,,Electricista,amb_barcelona_sin_web_20260102_223732.csv
BCN-0082,Unión Electrónica,electricista,+34937570318,+34 937 57 03 18,"Carrer de la Mare de Déu de Núria, 5, 08303 Mataró, Barcelona",Mataró,5.0,0,pending,2026-01-02,,False,,Electricista,amb_barcelona_sin_web_20260102_223732.csv
BCN-0083,Euro Light Group Serveis,electricista,+34937077775,+34 937 07 77 75,"Carrer Llauder, 137, 08302 Mataró, Barcelona",Mataró,5.0,0,pending,2026-01-02,,False,,Electricista,amb_barcelona_sin_web_20260102_223732.csv
BCN-0084,Instalaciones Martínez Fernández S.L.,electricista,+34937571769,+34 937 57 17 69,"Plaça Canyamars, 5, 08303 Mataró, Barcelona",Mataró,5.0,0,pending,2026-01-02,,False,,Electricista,amb_barcelona_sin_web_20260102_223732.csv
BCN-0085,"Instalaciones J.L. Chicote e Hijos, Sl",electricista,+34937571375,+34 937 57 13 75,"Riera de Figuera Major, 21, 08304 Mataró, Barcelona",Mataró,5.0,0,pending,2026-01-02,,False,,Electricista,amb_barcelona_sin_web_20260102_223732.csv
BCN-0086,David Castro López,electricista,,,"Carrer Mossèn Molé, 20, 08304 Mataró, Barcelona",Mataró,5.0,0,pending,2026-01-02,,False,,Electricista,amb_barcelona_sin_web_20260102_223732.csv
BCN-0087,Iniciativas Comerciales Eléctricas Sa,electricista,+34937588040,+34 937 58 80 40,"Via Sèrgia, 90, BAJO, 08302 Mataró, Barcelona",Mataró,5.0,0,pending,2026-01-02,,False,,Electricista,amb_barcelona_sin_web_20260102_223732.csv
BCN-0088,Pintores Mito,pintor decorator,+34690098246,+34 690 09 82 46,"Carrer Queralbs, 26, 1º 1ª, 08303 Mataró, Barcelona",Mataró,5.0,0,pending,2026-01-02,,False,,Pintor,amb_barcelona_sin_web_20260102_223732.csv
BCN-0089,Llibre Pintors,pintor decorator,+34696655529,+34 696 65 55 29,"Camí Ral de la Mercè, 318, 08301 Mataró, Barcelona",Mataró,5.0,0,pending,2026-01-02,,False,,Pintor,amb_barcelona_sin_web_20260102_223732.csv
BCN-0090,Pinturas Maresme,pintor decorator,+34651169318,+34 651 16 93 18,"persiana Gris oscuro, n° 157, Carrer de Sant Cugat, 157, 08302 Mataró, Barcelona",Mataró,5.0,0,pending,2026-01-02,,False,,Pintor,amb_barcelona_sin_web_20260102_223732.csv
BCN-0091,Pintors Garriga | Maresme,pintor decorator,+34634671158,+34 634 67 11 58,"Carrer de Cuba, 84, 08302 Mataró, Barcelona",Mataró,5.0,0,pending,2026-01-02,,False,,Pintor,amb_barcelona_sin_web_20260102_223732.csv
BCN-0092,Pint-Decor,pintor decorator,+34658597375,+34 658 59 73 75,,Mataró,5.0,0,pending,2026-01-02,,False,,Pintor,amb_barcelona_sin_web_20260102_223732.csv
BCN-0093,A one Locks Solutions,cerrajero,+34621063689,+34 621 06 36 89,"Carrer Fray Luis de León, 52, 08302 Mataró, Barcelona",Mataró,5.0,0,pending,2026-01-02,,False,,Servei de serralleria d’urgències,amb_barcelona_sin_web_20260102_223732.csv
BCN-0094,SERVINET MARESME - SERVICIOS DE LIMPIEZA,limpieza fachadas,+34689070656,+34 689 07 06 56,"Carrer Floridablanca, 33, 1º 2ª, 08301 Mataró, Barcelona",Mataró,5.0,0,pending,2026-01-02,,False,,Servicios de limpieza,amb_barcelona_sin_web_20260102_223732.csv
BCN-0095,Instalaciones G Manga,fontanero,+34647963045,+34 647 96 30 45,"Carrer Rafael Casanova, 66, 08401 Granollers, Barcelona",Granollers,5.0,0,pending,2026-01-02,,False,,Fontanero,amb_barcelona_sin_web_20260102_223732.csv
BCN-0096,"Asociación de Intaladores de Electricidad, Fontanería, Gas y Afines del Valle Oriental",fontanero,+34938707340,+34 938 70 73 40,"Carrer Josep Maria de Sagarra, 68, 08402 Granollers, Barcelona",Granollers,5.0,0,pending,2026-01-02,,False,,Fontanero,amb_barcelona_sin_web_20260102_223732.csv
BCN-0097,Instalaciónes Empire Ros@ Servicios,electricista,+34673129834,+34 673 12 98 34,"08401 Granollers, Barcelona",Granollers,5.0,0,pending,2026-01-02,,False,,Electricista,amb_barcelona_sin_web_20260102_223732.csv
BCN-0098,Grup Eurovalles Electric,electricista,,,"08401 Granollers, Barcelona",Granollers,5.0,0,pending,2026-01-02,,False,,Electricista,amb_barcelona_sin_web_20260102_223732.csv
BCN-0099,PINTOR GRANOLLERS CENTRE,pintor decorator,+34625903434,+34 625 90 34 34,,Granollers,5.0,0,pending,2026-01-02,,False,,Pintor,amb_barcelona_sin_web_20260102_223732.csv
BCN-0100,Jardí paradís,jardinero,+34695979262,+34 695 97 92 62,"Carrer Bartolomé Esteban Murillo, 08401 Granollers, Barcelona",Granollers,5.0,0,pending,2026-01-02,,False,,Jardinero,amb_barcelona_sin_web_20260102_223732.csv
BCN-0101,Joaquín Puigdomenech Sarabia,jardinero,+34938706556,+34 938 70 65 56,"Carrer de Navarra, 85, 08401 Granollers, Barcelona",Granollers,5.0,0,pending,2026-01-02,,False,,Centro de jardinería,amb_barcelona_sin_web_20260102_223732.csv
BCN-0102,Floristería Pètals Granollers,jardinero,+34661932192,+34 661 93 21 92,"Carrer Rafael Casanova, 64, LOCAL 2, 08401 Granollers, Barcelona",Granollers,5.0,0,pending,2026-01-02,,False,,Servicio de jardinería,amb_barcelona_sin_web_20260102_223732.csv
BCN-0103,Cerrajero Luis 24 Horas,cerrajero,+34621354884,+34 621 35 48 84,"Carrer de Joan Prim, 91, 08401 Granollers, Barcelona",Granollers,5.0,0,pending,2026-01-02,,False,,Cerrajero,amb_barcelona_sin_web_20260102_223732.csv
BCN-0104,cerrajeros nou barris jordy,cerrajero,+34611077264,+34 611 07 72 64,"Carrer d'Enric Prat de la Riba, 24, 08401 Granollers, Barcelona",Granollers,5.0,0,pending,2026-01-02,,False,,Comercio,amb_barcelona_sin_web_20260102_223732.csv
BCN-0105,Limpiezas Granollers - Empresa de Limpieza en Granollers,limpieza fachadas,+34936940786,+34 936 94 07 86,"Carrer de Sant Jaume, 67, 08401 Granollers, Barcelona",Granollers,5.0,0,pending,2026-01-02,,False,,Servicio de limpieza,amb_barcelona_sin_web_20260102_223732.csv
BCN-0106,Reformas Vangi,reformas baño,+34697667827,+34 697 66 78 27,,Sant Cugat del Vallès,5.0,0,pending,2026-01-02,,False,,Reformas,amb_barcelona_sin_web_20260102_223732.csv
BCN-0107,Talleres Nogués Montajes Electrónicos,electricista,,,"Carrer d'Orient, 59, 08172 Sant Cugat del Vallès, Barcelona",Sant Cugat del Vallès,5.0,0,pending,2026-01-02,,False,,Electricista,amb_barcelona_sin_web_20260102_223732.csv
BCN-0108,MD Electric,electricista,,,"Avinguda de Cerdanyola, 73, 08172 Sant Cugat del Vallès, Barcelona",Sant Cugat del Vallès,5.0,0,pending,2026-01-02,,False,,Electricista,amb_barcelona_sin_web_20260102_223732.csv
BCN-0109,S.M Pinturas revestimiento y mas,pintor decorator,+34662433765,+34 662 43 37 65,"Carrer de Montserrat, 6, 2-1, 08172 Barcelona",Sant Cugat del Vallès,5.0,0,pending,2026-01-02,,False,,Pintor,amb_barcelona_sin_web_20260102_223732.csv
BCN-0110,Jardinería Magnólia,jardinero,+34628745922,+34 628 74 59 22,,Sant Cugat del Vallès,5.0,0,pending,2026-01-02,,False,,Jardinero,amb_barcelona_sin_web_20260102_223732.csv
BCN-0111,tucerrajeroSantCugat,cerrajero,+34694294074,+34 694 29 40 74,"Carrer dels Marges, 08172 Sant Cugat del Vallès, Barcelona",Sant Cugat del Vallès,5.0,0,pending,2026-01-02,,False,,Servei de serralleria d’urgències,amb_barcelona_sin_web_20260102_223732.csv
BCN-0112,Cerrajería Dámaso Álvarez,cerrajero,+34664388322,+34 664 38 83 22,"Carrer de Joan XXIII, 20, 08173 Sant Cugat del Vallès, Barcelona",Sant Cugat del Vallès,5.0,0,pending,2026-01-02,,False,,Cerrajero,amb_barcelona_sin_web_20260102_223732.csv
BCN-0113,Electricidad Gas Fontaneria Barcelona,electricista,+34622728819,+34 622 72 88 19,"Carrer de Mallorca, Eixample, 08013 Barcelona",Barcelona,5.0,0,pending,2026-01-02,,False,,Electricista,barcelona_sin_web.csv
BCN-0114,Alumidina carpintería de aluminio y pvc,carpintero aluminio,+34601496453,+34 601 49 64 53,"Carrer del Rosselló, 369, tienda 1, Gràcia, 08025 Barcelona",Barcelona,4.9,0,pending,2026-01-02,,False,,Carpintería metálica y de aluminio,amb_barcelona_sin_web_20260102_223732.csv
BCN-0115,Electricista Pompeya 24h,electricista,+34632923529,+34 632 92 35 29,"Av. de Catalunya, 73, 77, 08905 L'Hospitalet de Llobregat, Barcelona",Barcelona,4.9,0,pending,2026-01-02,,False,,Electricista,amb_barcelona_sin_web_20260102_223732.csv
BCN-0116,"Lampistería María K, Lampista",electricista,+34935418702,+34 935 41 87 02,"Carrer de la Marina, 234, Eixample, 08013 Barcelona",Barcelona,4.9,0,pending,2026-01-02,,False,,Electricista,amb_barcelona_sin_web_20260102_223732.csv
BCN-0117,RM CLIMATIZACIÓN AEROTERMIA Y REFRIGERACIÓN,aire acondicionado,+34630248941,+34 630 24 89 41,"Carrer de Floridablanca, 101, Eixample, 08015 Barcelona",Barcelona,4.9,0,pending,2026-01-02,,False,,Empresa de climatización,amb_barcelona_sin_web_20260102_223732.csv
BCN-0118,LUCIN COCINAS - REFORMA DE INTERIORES.,reformas cocina,+34635852632,+34 635 85 26 32,"Carrer Caterina Albert, 12 - 14, 08907 L'Hospitalet de Llobregat, Barcelona",L'Hospitalet de Llobregat,4.9,0,pending,2026-01-02,,False,,,amb_barcelona_sin_web_20260102_223732.csv
BCN-0119,Reformas AJ MENA,reformas cocina,+34933364102,+34 933 36 41 02,"Rambla de la Marina, 181, 08907 L'Hospitalet de Llobregat, Barcelona",L'Hospitalet de Llobregat,4.9,0,pending,2026-01-02,,False,,Reformas,amb_barcelona_sin_web_20260102_223732.csv
BCN-0120,El Manetes Del Centre,electricista,+34619900181,+34 619 90 01 81,"Carrer de l'Església, 55, Local 1, 08901 L'Hospitalet de Llobregat, Barcelona",L'Hospitalet de Llobregat,4.9,0,pending,2026-01-02,,False,,Electricista,amb_barcelona_sin_web_20260102_223732.csv
BCN-0121,Fontanero,fontanero,+34604991883,+34 604 99 18 83,"Carrer Pirineus, 3, 08915 Badalona, Barcelona",Badalona,4.9,0,pending,2026-01-02,,False,,Fontanero,amb_barcelona_sin_web_20260102_223732.csv
BCN-0122,21 grados,aire acondicionado,+34655194124,+34 655 19 41 24,"Carrer de Jacinto Benavente, 14, 1o - 1a, 08911 Badalona, Barcelona",Badalona,4.9,0,pending,2026-01-02,,False,,Empresa de climatización,amb_barcelona_sin_web_20260102_223732.csv
BCN-0123,Jardinería Concepció,jardinero,+34933844059,+34 933 84 40 59,"Carrer d'Arnús, 29, 08911 Badalona, Barcelona",Badalona,4.9,0,pending,2026-01-02,,False,,Floristería,amb_barcelona_sin_web_20260102_223732.csv
BCN-0124,Carpintería de aluminio ANGA - (Antonio García),carpintero aluminio,+34937189854,+34 937 18 98 54,"Av. de la Verge de Montserrat, 94, 08210 Barberà del Vallès, Barcelona",Sabadell,4.9,0,pending,2026-01-02,,False,,Carpintería metálica y de aluminio,amb_barcelona_sin_web_20260102_223732.csv
BCN-0125,Josal Confort S.L.,fontanero,+34937316151,+34 937 31 61 51,"Carrer de Prat de la Riba, 112, 08222 Terrassa, Barcelona",Terrassa,4.9,0,pending,2026-01-02,,False,,Fontanero,amb_barcelona_sin_web_20260102_223732.csv
BCN-0126,Guglie Pintores,pintor decorator,+34658455447,+34 658 45 54 47,"Carrer de Sant Jordi, 08222 Terrassa, Barcelona",Terrassa,4.9,0,pending,2026-01-02,,False,,Pintor,amb_barcelona_sin_web_20260102_223732.csv
BCN-0127,Fontanero y Electricista 24H,fontanero,+34640309754,+34 640 30 97 54,,Granollers,4.9,0,pending,2026-01-02,,False,,Fontanero,amb_barcelona_sin_web_20260102_223732.csv
BCN-0128,Jardi art Sant Cugat,jardinero,+34691311463,+34 691 31 14 63,,Sant Cugat del Vallès,4.9,0,pending,2026-01-02,,False,,Servicio de jardinería,amb_barcelona_sin_web_20260102_223732.csv
BCN-0129,Instalador de aires acondicionados FS instal·lacions,aire acondicionado,,,"Carrer de José Millán González, numero 6, Horta-Guinardó, 08024 Barcelona",Barcelona,4.8,0,pending,2026-01-02,,False,,Servicio de reparación de aire acondicionado,amb_barcelona_sin_web_20260102_223732.csv
BCN-0130,Carpinteria de Alumino J.Julve S.L.,carpintero aluminio,+34933316138,+34 933 31 61 38,"alujulve@hotmail.com, Av. del Carrilet, 104, 08902 L'Hospitalet de Llobregat, Barcelona",L'Hospitalet de Llobregat,4.8,0,pending,2026-01-02,,False,,Carpintería metálica y de aluminio,amb_barcelona_sin_web_20260102_223732.csv
BCN-0131,Carpintería de Aluminio Miguel Angel Calso,carpintero aluminio,+34934370854,+34 934 37 08 54,"Carrer Mina, 69, 08906 L'Hospitalet de Llobregat, Barcelona",L'Hospitalet de Llobregat,4.8,0,pending,2026-01-02,,False,,Carpintería metálica y de aluminio,amb_barcelona_sin_web_20260102_223732.csv
BCN-0132,G&G Reformas,reformas cocina,+34621012974,+34 621 01 29 74,,Badalona,4.8,0,pending,2026-01-02,,False,,Reformas,amb_barcelona_sin_web_20260102_223732.csv
BCN-0133,Aluminios Y metales Realce S.L.U,carpintero aluminio,+34661078507,+34 661 07 85 07,"Carrer Sant Agustí, 2, Local esquinero, 08915 Badalona, Barcelona",Badalona,4.8,0,pending,2026-01-02,,False,,Carpintería metálica y de aluminio,amb_barcelona_sin_web_20260102_223732.csv
BCN-0134,PINTOR EXPRESS,pintor decorator,+34678856550,+34 678 85 65 50,"Carrer d'Àngel Guimerà, 32, 08917 Badalona, Barcelona",Badalona,4.8,0,pending,2026-01-02,,False,,Pintor,amb_barcelona_sin_web_20260102_223732.csv
BCN-0135,Limpiezas Neteco,limpieza fachadas,+34631606811,+34 631 60 68 11,"Avinguda dels Vents, 9, ESC.A 5º2ª, 08917 Badalona, Barcelona",Badalona,4.8,0,pending,2026-01-02,,False,,Servicio de conserjería,amb_barcelona_sin_web_20260102_223732.csv
BCN-0136,"Instalaciónes y Reparaciones Batllevell, S.L .",fontanero,+34685850114,+34 685 85 01 14,"Carrer de Batllevell, 203, 08208 Sabadell, Barcelona",Sabadell,4.8,0,pending,2026-01-02,,False,,Fontanero,amb_barcelona_sin_web_20260102_223732.csv
BCN-0137,PINTORTINOS,pintor decorator,+34640351290,+34 640 35 12 90,"Carrer d'Osona, 71, 08207 Sabadell, Barcelona",Sabadell,4.8,0,pending,2026-01-02,,False,,Pintor,amb_barcelona_sin_web_20260102_223732.csv
BCN-0138,Cerrajeros Luis Aperturas,cerrajero,+34684778770,+34 684 77 87 70,"Carrer de Sarret, 12, 08205 Sabadell, Barcelona",Sabadell,4.8,0,pending,2026-01-02,,False,,Cerrajero,amb_barcelona_sin_web_20260102_223732.csv
BCN-0139,Rebonito Decoracion,pintor decorator,+34634411681,+34 634 41 16 81,"Carrer de Roig i Ventura, 131, 08226 Terrassa, Barcelona",Terrassa,4.8,0,pending,2026-01-02,,False,,Pintor,amb_barcelona_sin_web_20260102_223732.csv
BCN-0140,Raco Cerrajeros Terrassa,cerrajero,+34930107591,+34 930 10 75 91,"Avinguda de Madrid, 1D, local, 08227 Terrassa, Barcelona",Terrassa,4.8,0,pending,2026-01-02,,False,,Cerrajero,amb_barcelona_sin_web_20260102_223732.csv
BCN-0141,Lampista( Felix Galeano y Ramon Linares ),fontanero,+34685518536,+34 685 51 85 36,"Carrer de les Caramelles, 11, 08304 Mataró, Barcelona",Mataró,4.8,0,pending,2026-01-02,,False,,Fontanero,amb_barcelona_sin_web_20260102_223732.csv
BCN-0142,Aluminios Ancar,carpintero aluminio,+34650905491,+34 650 90 54 91,"Carrer de Sant Jaume, 63, 08401 Granollers, Barcelona",Granollers,4.8,0,pending,2026-01-02,,False,,Carpintería metálica y de aluminio,amb_barcelona_sin_web_20260102_223732.csv
BCN-0143,"Intergas 2015 S.L - Reparación, instalación y mantenimiento calderas y aparatos de aire acondicionado",aire acondicionado,+34639775927,+34 639 77 59 27,"Carrer de la Mare de Déu de Montserrat, 61, 08401 Granollers, Barcelona",Granollers,4.8,0,pending,2026-01-02,,False,,Servicio de reparación de aire acondicionado,amb_barcelona_sin_web_20260102_223732.csv
BCN-0144,Ecoalum Carpintería Sostenible,carpintero aluminio,+34699172520,+34 699 17 25 20,,Sant Cugat del Vallès,4.8,0,pending,2026-01-02,,False,,Carpintería metálica y de aluminio,amb_barcelona_sin_web_20260102_223732.csv
BCN-0145,Del&San,limpieza fachadas,+34628911063,+34 628 91 10 63,"Carrer d'Aragó, 366, planta baja, Eixample, 08009 Barcelona",Barcelona,4.7,0,pending,2026-01-02,,False,,Servicio de limpieza doméstica,amb_barcelona_sin_web_20260102_223732.csv
BCN-0146,Reformes TOT I MÉS,reformas cocina,+34699770093,+34 699 77 00 93,"Av. d'Europa, 27, 08907 L'Hospitalet de Llobregat, Barcelona",L'Hospitalet de Llobregat,4.7,0,pending,2026-01-02,,False,,Reformas,amb_barcelona_sin_web_20260102_223732.csv
BCN-0147,Fontanero en bellvitge,fontanero,+34661691100,+34 661 69 11 00,"Rambla de la Marina, 243, 08907 L'Hospitalet de Llobregat, Barcelona",L'Hospitalet de Llobregat,4.7,0,pending,2026-01-02,,False,,Fontanero,amb_barcelona_sin_web_20260102_223732.csv
BCN-0148,ContraHUMITAT,tratamiento humedades,+34666464888,+34 666 46 48 88,"Carrer de Brutau, 27, 08203 Sabadell, Barcelona",Sabadell,4.7,0,pending,2026-01-02,,False,,Servicio de impermeabilización,amb_barcelona_sin_web_20260102_223732.csv
BCN-0149,R.Manaut,fontanero,+34671651796,+34 671 65 17 96,"Carrer de Salvany, 08203 Sabadell, Barcelona",Sabadell,4.7,0,pending,2026-01-02,,False,,Fontanero,amb_barcelona_sin_web_20260102_223732.csv
BCN-0150,Hidrofonts Tècnics de l'Aigua S.L.,fontanero,+34937074858,+34 937 07 48 58,"Camí del Mig, 69, sot. -1, 08302 Mataró, Barcelona",Mataró,4.7,0,pending,2026-01-02,,False,,Fontanero,amb_barcelona_sin_web_20260102_223732.csv
BCN-0151,Basicgarden,jardinero,+34652014541,+34 652 01 45 41,"Travessera de les Corts, 196, Les Corts, 08028 Barcelona",Barcelona,4.6,0,pending,2026-01-02,,False,,Jardinero,amb_barcelona_sin_web_20260102_223732.csv
BCN-0152,Codina,reformas baño,+34630138782,+34 630 13 87 82,"Carrer de Rafael Campalans, 18-20, 08903 L'Hospitalet de Llobregat, Barcelona",L'Hospitalet de Llobregat,4.6,0,pending,2026-01-02,,False,,Reformas,amb_barcelona_sin_web_20260102_223732.csv
BCN-0153,Reformas Loaiza,reformas integrales,+34632555543,+34 632 55 55 43,"Carrer del Llorer, 51, 08905 L'Hospitalet de Llobregat, Barcelona",L'Hospitalet de Llobregat,4.6,0,pending,2026-01-02,,False,,Reformas,amb_barcelona_sin_web_20260102_223732.csv
BCN-0154,Carpintería de Aluminio Hnos. Paredes,carpintero aluminio,+34934377620,+34 934 37 76 20,"Avinguda d'Isabel la Catòlica, 97, 08906 L'Hospitalet de Llobregat, Barcelona",L'Hospitalet de Llobregat,4.6,0,pending,2026-01-02,,False,,Carpintería metálica y de aluminio,amb_barcelona_sin_web_20260102_223732.csv
BCN-0155,Pintures i Deco L Hospitalet. Tienda de pinturas y decoración.,pintor decorator,+34683144550,+34 683 14 45 50,"Carrer de la Muntanya, 6, 08901 L'Hospitalet de Llobregat, Barcelona",L'Hospitalet de Llobregat,4.6,0,pending,2026-01-02,,False,,Pintura,amb_barcelona_sin_web_20260102_223732.csv
BCN-0156,Floristeria Grow Carmen,jardinero,+34934370561,+34 934 37 05 61,"Carrer de Marcel·lí Esquius, 59, 08905 L'Hospitalet de Llobregat, Barcelona",L'Hospitalet de Llobregat,4.6,0,pending,2026-01-02,,False,,Floristería,amb_barcelona_sin_web_20260102_223732.csv
BCN-0157,mcnet servicios de limpieza integrales,limpieza fachadas,+34934373965,+34 934 37 39 65,"Av. Electricitat, 6, local 5, 08906 L'Hospitalet de Llobregat, Barcelona",L'Hospitalet de Llobregat,4.6,0,pending,2026-01-02,,False,,Servicios de limpieza,amb_barcelona_sin_web_20260102_223732.csv
BCN-0158,"On Interiorisme, cuines i banys, SL",reformas cocina,+34934655473,+34 934 65 54 73,"Pça. de Bac de Roda, 9, 08915 Badalona, Barcelona",Badalona,4.6,0,pending,2026-01-02,,False,,Reformas de cocinas,amb_barcelona_sin_web_20260102_223732.csv
BCN-0159,Carpinteria De Aluminio Cristaleria TJ,carpintero aluminio,+34933833958,+34 933 83 39 58,"Carrer de Rius i Taulet, 13, 08913 Badalona, Barcelona",Badalona,4.6,0,pending,2026-01-02,,False,,Carpintero,amb_barcelona_sin_web_20260102_223732.csv
BCN-0160,Barnatecnic,aire acondicionado,+34933985953,+34 933 98 59 53,"Carrer de Manila, 6, 08914 Badalona, Barcelona",Badalona,4.6,0,pending,2026-01-02,,False,,Servicio de reparación de aire acondicionado,amb_barcelona_sin_web_20260102_223732.csv
BCN-0161,Little Garden Solutions Grow Shop,jardinero,+34937977467,+34 937 97 74 67,"Carrer de Jovellanos, 84, 08930 Sant Adrià de Besòs, Barcelona",Badalona,4.6,0,pending,2026-01-02,,False,,Centro de jardinería,amb_barcelona_sin_web_20260102_223732.csv
BCN-0162,Neteges Cabassa,limpieza fachadas,+34609714881,+34 609 71 48 81,"Ctra. de Castellar, 99, 08222 Terrassa, Barcelona",Terrassa,4.6,0,pending,2026-01-02,,False,,Servicios de limpieza,amb_barcelona_sin_web_20260102_223732.csv
BCN-0163,Pinturas y reformas tudela,pintor decorator,+34698527779,+34 698 52 77 79,"Av. d'Amèrica, 55, 08304 Mataró, Barcelona",Mataró,4.6,0,pending,2026-01-02,,False,,Pintor,amb_barcelona_sin_web_20260102_223732.csv
BCN-0164,"ALUMINIOS MIGUEL, S.L",carpintero aluminio,+34938493699,+34 938 49 36 99,"Carrer Verge de Fátima, 7, 08420 Canovelles, Barcelona",Granollers,4.6,0,pending,2026-01-02,,False,,Carpintería metálica y de aluminio,amb_barcelona_sin_web_20260102_223732.csv
BCN-0165,Fontanería Pompeya 24h.,fontanero,+34631466167,+34 631 46 61 67,"Av. de Catalunya, 73-77, Local 1, 08905 L'Hospitalet de Llobregat, Barcelona",L'Hospitalet de Llobregat,4.5,0,pending,2026-01-02,,False,,Fontanero,amb_barcelona_sin_web_20260102_223732.csv
BCN-0166,Carpintería Metálica Imi,carpintero aluminio,+34933990201,+34 933 99 02 01,"Carrer de Ramon Martí Alsina, 48, 08911 Badalona, Barcelona",Badalona,4.5,0,pending,2026-01-02,,False,,Carpintería metálica y de aluminio,amb_barcelona_sin_web_20260102_223732.csv
BCN-0167,Conrado Bañón Montajes Eléctricos,electricista,,,"Carrer de Sardà, 134, 08203 Sabadell, Barcelona",Sabadell,4.5,0,pending,2026-01-02,,False,,Electricista,amb_barcelona_sin_web_20260102_223732.csv
BCN-0168,Reforma2,reformas integrales,+34600036560,+34 600 03 65 60,"Torrent de les Piques, 69, 08304 Mataró, Barcelona",Mataró,4.5,0,pending,2026-01-02,,False,,Reformas,amb_barcelona_sin_web_20260102_223732.csv
BCN-0169,Electricidad,electricista,,,"Carrer de Tarragona, 8, 08303 Mataró, Barcelona",Mataró,4.5,0,pending,2026-01-02,,False,,Electricista,amb_barcelona_sin_web_20260102_223732.csv
BCN-0170,Serralleria Montpart,cerrajero,+34722328465,+34 722 32 84 65,"Carrer de Sant Jaume, 13, 08401 Granollers, Barcelona",Granollers,4.5,0,pending,2026-01-02,,False,,Cerrajero,amb_barcelona_sin_web_20260102_223732.csv
BCN-0171,Construccion y reformas Integrales,reformas integrales,+34936751359,+34 936 75 13 59,"Carrer d'Orient, 78, 08172 Sant Cugat del Vallès, Barcelona",Sant Cugat del Vallès,4.5,0,pending,2026-01-02,,False,,Contratista,amb_barcelona_sin_web_20260102_223732.csv
BCN-0172,Carpintero Ebanista Salvador Navarra Sant Cugat del Vallés,carpintero aluminio,+34622435992,+34 622 43 59 92,"Carrer del Dos de Maig, 13, 08172 Sant Cugat del Vallès, Barcelona",Sant Cugat del Vallès,4.5,0,pending,2026-01-02,,False,,Carpintero,amb_barcelona_sin_web_20260102_223732.csv
BCN-0173,Peñas Martínez Joaquín,fontanero,+34937170599,+34 937 17 05 99,"Carrer del Gironès, 13, 08207 Sabadell, Barcelona",Sabadell,4.4,0,pending,2026-01-02,,False,,Fontanero,amb_barcelona_sin_web_20260102_223732.csv
BCN-0174,Instalaciones T. Osuna,aire acondicionado,+34605190348,+34 605 19 03 48,"Carrer de Cató, 10, 08206 Sabadell, Barcelona",Sabadell,4.4,0,pending,2026-01-02,,False,,Empresa de climatización,amb_barcelona_sin_web_20260102_223732.csv
BCN-0175,Jardí Pond,jardinero,+34937001240,+34 937 00 12 40,"Camí de Can Curet, 15, 08224 Terrassa, Barcelona",Terrassa,4.4,0,pending,2026-01-02,,False,,Servicio de jardinería,amb_barcelona_sin_web_20260102_223732.csv
BCN-0176,Rekalum Carpinteria D' Alumini,carpintero aluminio,+34653045887,+34 653 04 58 87,"Carrer Tossa, 8, 08303 Mataró, Barcelona",Mataró,4.4,0,pending,2026-01-02,,False,,Carpintería metálica y de aluminio,amb_barcelona_sin_web_20260102_223732.csv
BCN-0177,Pavid Net S L,limpieza fachadas,+34937577683,+34 937 57 76 83,"Carrer de Julià Gual, 8, local esq, 08304 Mataró, Barcelona",Mataró,4.4,0,pending,2026-01-02,,False,,Servicio de limpieza,amb_barcelona_sin_web_20260102_223732.csv
BCN-0178,CAL SABATER,cerrajero,,,"Carrer dels Pous, 4, 08172 Sant Cugat del Vallès, Barcelona",Sant Cugat del Vallès,4.4,0,pending,2026-01-02,,False,,Zapatero,amb_barcelona_sin_web_20260102_223732.csv
BCN-0179,Reformas J y P,reformas baño,+34623502909,+34 623 50 29 09,"Carrer de Sort, 29, 08904 L'Hospitalet de Llobregat, Barcelona",L'Hospitalet de Llobregat,4.3,0,pending,2026-01-02,,False,,Reformas de baños,amb_barcelona_sin_web_20260102_223732.csv
BCN-0180,Limpiezas Badalona - Empresa de limpieza en Badalona,limpieza fachadas,+34933972936,+34 933 97 29 36,"Carrer de Cervantes, 79, 08912 Badalona, Barcelona",Badalona,4.3,0,pending,2026-01-02,,False,,Servicios de limpieza,amb_barcelona_sin_web_20260102_223732.csv
BCN-0181,DUTXA PLAT SABADELL,reformas baño,+34681656714,+34 681 65 67 14,"Carrer de Sol i Padrís, 106, 08203 Sabadell, Barcelona",Sabadell,4.3,0,pending,2026-01-02,,False,,Reformas de baños,amb_barcelona_sin_web_20260102_223732.csv
BCN-0182,Francesc Torras Durán,fontanero,+34937252222,+34 937 25 22 22,"Raval de Dins, 14, 08202 Sabadell, Barcelona",Sabadell,4.3,0,pending,2026-01-02,,False,,Fontanero,amb_barcelona_sin_web_20260102_223732.csv
BCN-0183,Electricidad Jaime Lorenzo,electricista,+34937883371,+34 937 88 33 71,"Carrer de Volta, 230, 08224 Terrassa, Barcelona",Terrassa,4.3,0,pending,2026-01-02,,False,,Electricista,amb_barcelona_sin_web_20260102_223732.csv
BCN-0184,Checapintures Terrassa,pintor decorator,+34655584533,+34 655 58 45 33,"Carrer de Xúquer, 4, 08223 Terrassa, Barcelona",Terrassa,4.3,0,pending,2026-01-02,,False,,Pintor,amb_barcelona_sin_web_20260102_223732.csv
BCN-0185,Centro de Jardinería i Floristeria Argemí,jardinero,+34937870050,+34 937 87 00 50,"Ctra. Talamanca, km. 3, 08225 Terrassa, Barcelona",Terrassa,4.3,0,pending,2026-01-02,,False,,Jardinero,amb_barcelona_sin_web_20260102_223732.csv
BCN-0186,Instal·lacions Ismax s.l.,electricista,+34937998301,+34 937 99 83 01,"Carrer Unió, 42, 44, 08302 Mataró, Barcelona",Mataró,4.3,0,pending,2026-01-02,,False,,Electricista,amb_barcelona_sin_web_20260102_223732.csv
BCN-0187,Dimi Reformes - Vallès Occidental,jardinero,+34627752068,+34 627 75 20 68,"Carrer de Bellaterra, 2, 1º4º, 08173 Sant Cugat del Vallès, Barcelona",Sant Cugat del Vallès,4.3,0,pending,2026-01-02,,False,,Jardinero,amb_barcelona_sin_web_20260102_223732.csv
BCN-0188,BADAMETAL,carpintero aluminio,+34933994143,+34 933 99 41 43,"Carrer de Nàpols, 42, 08914 Badalona, Barcelona",Badalona,4.2,0,pending,2026-01-02,,False,,Carpintería metálica y de aluminio,amb_barcelona_sin_web_20260102_223732.csv
BCN-0189,Universal Assistance,fontanero,+34610847146,+34 610 84 71 46,"Carrer de Coll i Pujol, 143, 08917 Badalona, Barcelona",Badalona,4.2,0,pending,2026-01-02,,False,,Fontanero,amb_barcelona_sin_web_20260102_223732.csv
BCN-0190,Styl Cuines,reformas cocina,+34937239983,+34 937 23 99 83,"Carrer de Vallirana, 1, 08207 Sabadell, Barcelona",Sabadell,4.2,0,pending,2026-01-02,,False,,Contratista general,amb_barcelona_sin_web_20260102_223732.csv
BCN-0191,La Llar de Les Claus,cerrajero,+34937880894,+34 937 88 08 94,"Carrer de la Rasa, 58, 08221 Terrassa, Barcelona",Terrassa,4.2,0,pending,2026-01-02,,False,,Cerrajero,amb_barcelona_sin_web_20260102_223732.csv
BCN-0192,Cristalería Castillo Carpintería de Aluminio,carpintero aluminio,+34937981712,+34 937 98 17 12,"Carrer Batista i Roca, 6, 08302 Mataró, Barcelona",Mataró,4.2,0,pending,2026-01-02,,False,,Tienda de artículos de cristal,amb_barcelona_sin_web_20260102_223732.csv
BCN-0193,Centre Jardineria Masó-Navarro,jardinero,+34936753702,+34 936 75 37 02,"Carretera de Rubí, Km. 4, 08190 Sant Cugat del Vallès, Barcelona",Sant Cugat del Vallès,4.2,0,pending,2026-01-02,,False,,Centro de jardinería,amb_barcelona_sin_web_20260102_223732.csv
BCN-0194,Jarclos,jardinero,+34934183206,+34 934 18 32 06,"Carrer de Collserola, 22, Gràcia, 08035 Barcelona",Barcelona,4.1,0,pending,2026-01-02,,False,,Centro de jardinería,amb_barcelona_sin_web_20260102_223732.csv
BCN-0195,San Josep Banys I Cuines,reformas cocina,+34930153337,+34 930 15 33 37,"Carrer d'Enric Prat de la Riba, 86, 08901 L'Hospitalet de Llobregat, Barcelona",L'Hospitalet de Llobregat,4.1,0,pending,2026-01-02,,False,,Persona de mantenimiento,amb_barcelona_sin_web_20260102_223732.csv
BCN-0196,Carpintería Aluminio Parras,carpintero aluminio,+34932601406,+34 932 60 14 06,"Carrer de Sanfeliu, 17, 08906 L'Hospitalet de Llobregat, Barcelona",L'Hospitalet de Llobregat,4.1,0,pending,2026-01-02,,False,,Carpintería metálica y de aluminio,amb_barcelona_sin_web_20260102_223732.csv
BCN-0197,Jardiners Sant Adrià S.C.C.L.,jardinero,+34934621973,+34 934 62 19 73,"Carrer de Ricart, 44, 08930 Sant Adrià de Besòs, Barcelona",Badalona,4.1,0,pending,2026-01-02,,False,,Centro de jardinería,amb_barcelona_sin_web_20260102_223732.csv
BCN-0198,Jaiser Rehabilitación de Fachadas - Alquiler y Montaje de Andamios,tratamiento humedades,+34931170705,+34 931 17 07 05,"Carrer del miño 6 20 Nave 17 Vial C del polígono industrial Can Palet 08223 Terrassa Barcelona industrial, 08223 Terrassa, Barcelona",Terrassa,4.1,0,pending,2026-01-02,,False,,Constructor,amb_barcelona_sin_web_20260102_223732.csv
BCN-0199,Garden 4 Vents,jardinero,+34935884646,+34 935 88 46 46,"Carrer Falciot, 49, 08224 Terrassa, Barcelona",Terrassa,4.1,0,pending,2026-01-02,,False,,Centro de jardinería,amb_barcelona_sin_web_20260102_223732.csv
BCN-0200,Tancal Carpintería de Aluminio,carpintero aluminio,+34938400238,+34 938 40 02 38,"Carrer Mas Pujol, 45, 08520 Corró d'Avall, Barcelona",Granollers,4.1,0,pending,2026-01-02,,False,,Carpintería metálica y de aluminio,amb_barcelona_sin_web_20260102_223732.csv
BCN-0201,Aluminios Guerrero BCN,carpintero aluminio,+34677732635,+34 677 73 26 35,"Carrer de l'Estronci, 51, 08906 L'Hospitalet de Llobregat, Barcelona",L'Hospitalet de Llobregat,4.0,0,pending,2026-01-02,,False,,Carpintería metálica y de aluminio,amb_barcelona_sin_web_20260102_223732.csv
BCN-0202,Ensalum,carpintero aluminio,+34933839653,+34 933 83 96 53,"Carrer del General Weyler, 117, 08912 Badalona, Barcelona",Badalona,4.0,0,pending,2026-01-02,,False,,Carpintería metálica y de aluminio,amb_barcelona_sin_web_20260102_223732.csv
BCN-0203,Electofluids Solar Sl,instalador placas solares,+34933830971,+34 933 83 09 71,"Carrer de Salou, 21b, local 1, 08913 Badalona, Barcelona",Badalona,4.0,0,pending,2026-01-02,,False,,Contratista general,amb_barcelona_sin_web_20260102_223732.csv
BCN-0204,REFORMAS HOSPITALET,reformas cocina,,,"Carrer Príncep de Bergara, 40, 08901 L'Hospitalet de Llobregat, Barcelona",L'Hospitalet de Llobregat,3.9,0,pending,2026-01-02,,False,,Reformas de cocinas,amb_barcelona_sin_web_20260102_223732.csv
BCN-0205,Carpinteria de aluminio Aluvizu Decor,carpintero aluminio,+34934497582,+34 934 49 75 82,"Carrer Orient, 11, 08904 L'Hospitalet de Llobregat, Barcelona",L'Hospitalet de Llobregat,3.9,0,pending,2026-01-02,,False,,Carpintería metálica y de aluminio,amb_barcelona_sin_web_20260102_223732.csv
BCN-0206,Floristeria Jardinet,jardinero,+34933379980,+34 933 37 99 80,"Carrer d'Enric Prat de la Riba, 162, 08901 L'Hospitalet de Llobregat, Barcelona",L'Hospitalet de Llobregat,3.8,0,pending,2026-01-02,,False,,Floristería,amb_barcelona_sin_web_20260102_223732.csv
BCN-0207,"totdecor tot cuina, s.l",reformas cocina,+34933997689,+34 933 99 76 89,"Av. de Llenguadoc, 39, 08915 Badalona, Barcelona",Badalona,3.8,0,pending,2026-01-02,,False,,Fábrica de muebles,amb_barcelona_sin_web_20260102_223732.csv
BCN-0208,InfinitySun S.L.,instalador placas solares,+34937869917,+34 937 86 99 17,"Carrer de Colom, 453, 08223 Terrassa, Barcelona",Terrassa,3.8,0,pending,2026-01-02,,False,,Oficinas de empresa,amb_barcelona_sin_web_20260102_223732.csv
BCN-0209,Alfonso Montilla Corral,carpintero aluminio,+34933839008,+34 933 83 90 08,"Carrer de Liszt, 69, 08917 Badalona, Barcelona",Badalona,3.7,0,pending,2026-01-02,,False,,Carpintería metálica y de aluminio,amb_barcelona_sin_web_20260102_223732.csv
BCN-0210,Pintor Hugo,pintor decorator,+34937807605,+34 937 80 76 05,"Carrer del Comte Borrell, 59, 08224 Terrassa, Barcelona",Terrassa,3.7,0,pending,2026-01-02,,False,,Pintor,amb_barcelona_sin_web_20260102_223732.csv
BCN-0211,Selsa Mataro,limpieza fachadas,,,"Carrer Pacheco, 90, 08301 Mataró, Barcelona",Mataró,3.7,0,pending,2026-01-02,,False,,Servicio de limpieza de ventanas,amb_barcelona_sin_web_20260102_223732.csv
BCN-0212,RYCASA REGULADORES Y CONST,jardinero,,,"Carrer del Ter, 18, Can Palet, 08223 Terrassa, Barcelona",Terrassa,3.6,0,pending,2026-01-02,,False,,Jardinero,amb_barcelona_sin_web_20260102_223732.csv
BCN-0213,Serralleria Aranda Luis,cerrajero,+34937860439,+34 937 86 04 39,"Carrer de Pau Marsal, 6, 08222 Terrassa, Barcelona",Terrassa,3.6,0,pending,2026-01-02,,False,,Cerrajero,amb_barcelona_sin_web_20260102_223732.csv
BCN-0214,Vives P. Benavent,jardinero,+34937906994,+34 937 90 69 94,"Camí de les Cinc Senies, 38, 08304 Mataró, Barcelona",Mataró,3.6,0,pending,2026-01-02,,False,,Centro de jardinería,amb_barcelona_sin_web_20260102_223732.csv
BCN-0215,MONTAJE CMG 2022 S.L,carpintero aluminio,+34611702938,+34 611 70 29 38,"Avinguda de Can Serra, 92, bajo E1, 08906 L'Hospitalet de Llobregat, Barcelona",L'Hospitalet de Llobregat,3.5,0,pending,2026-01-02,,False,,Carpintería metálica y de aluminio,amb_barcelona_sin_web_20260102_223732.csv
BCN-0216,Mes Net S.L,limpieza fachadas,+34937850626,+34 937 85 06 26,"Carrer de Valls, 101, El Segle XX, 08223 Terrassa, Barcelona",Terrassa,3.5,0,pending,2026-01-02,,False,,Servicios de limpieza,amb_barcelona_sin_web_20260102_223732.csv
BCN-0217,Girbau Ace by Nimnar,aire acondicionado,+34938401411,+34 938 40 14 11,"Travessia Tomàs Balbey, 12, 08403 Granollers, Barcelona",Granollers,3.5,0,pending,2026-01-02,,False,,Empresa de climatización,amb_barcelona_sin_web_20260102_223732.csv
BCN-0218,Tecnova Rehabilitació S.L,tratamiento humedades,+34934885712,+34 934 88 57 12,"Cr. de Sant Sebastià, 101, El Segle XX, 08223 Terrassa, Barcelona",Terrassa,3.3,0,pending,2026-01-02,,False,,Servicio de restauración de edificios,amb_barcelona_sin_web_20260102_223732.csv
BCN-0219,Instalaciones Llestanos S L,fontanero,+34938700809,+34 938 70 08 09,"Carrer de Francesc Macià i Llussà, 136, 08401 Granollers, Barcelona",Granollers,3.3,0,pending,2026-01-02,,False,,Fontanero,amb_barcelona_sin_web_20260102_223732.csv
BCN-0220,Moder Alum,carpintero aluminio,+34933991105,+34 933 99 11 05,"Carrer de Chopin, 27, 29, 08917 Badalona, Barcelona",Badalona,3.2,0,pending,2026-01-02,,False,,Carpintería metálica y de aluminio,amb_barcelona_sin_web_20260102_223732.csv
BCN-0221,Reformas Integrales Badalona Mario,reformas integrales,+34612470251,+34 612 47 02 51,,Badalona,3.0,0,pending,2026-01-02,,False,,Reformas,amb_barcelona_sin_web_20260102_223732.csv
BCN-0222,Juan Francisco Soriano Martínez,carpintero aluminio,+34933888958,+34 933 88 89 58,"Carrer de Llefià, 39, 08912 Badalona, Barcelona",Badalona,3.0,0,pending,2026-01-02,,False,,Carpintería metálica y de aluminio,amb_barcelona_sin_web_20260102_223732.csv
BCN-0223,Instal·lacions M.P.,fontanero,+34666802816,+34 666 80 28 16,"Indret Horta Novella, 122, Carrer de l'Horta Novella, 120, 08201 Sabadell, Barcelona",Sabadell,3.0,0,pending,2026-01-02,,False,,Fontanero,amb_barcelona_sin_web_20260102_223732.csv
BCN-0224,Instal.lacions Xavi Martí,fontanero,+34679893668,+34 679 89 36 68,"Carrer Marian Burgués, 20, 08208 Sabadell, Barcelona",Sabadell,3.0,0,pending,2026-01-02,,False,,Fontanero,amb_barcelona_sin_web_20260102_223732.csv
BCN-0225,Electricista económico 24 Horas Terrassa,electricista,+34633912340,+34 633 91 23 40,"Carrer de Jacint Elías, 230, 08222 Terrassa, Barcelona",Terrassa,3.0,0,pending,2026-01-02,,False,,Electricista,amb_barcelona_sin_web_20260102_223732.csv
BCN-0226,Instal·lacions Hidalgo Ruiz,electricista,+34937907337,+34 937 90 73 37,"Carrer los Àlamos, 7, 08301 Mataró, Barcelona",Mataró,3.0,0,pending,2026-01-02,,False,,Electricista,amb_barcelona_sin_web_20260102_223732.csv
BCN-0227,Electric2,electricista,+34938492800,+34 938 49 28 00,"Passatge Lledoner, 16, 08400 Granollers, Barcelona",Granollers,3.0,0,pending,2026-01-02,,False,,Electricista,amb_barcelona_sin_web_20260102_223732.csv
BCN-0228,Francisco Claudio Díaz Segura,fontanero,+34936751069,+34 936 75 10 69,"Avinguda de Cerdanyola, 22, 08172 Sant Cugat del Vallès, Barcelona",Sant Cugat del Vallès,3.0,0,pending,2026-01-02,,False,,Fontanero,amb_barcelona_sin_web_20260102_223732.csv
BCN-0229,CLICON S.C.C.L.,aire acondicionado,+34937172712,+34 937 17 27 12,"Carrer del Maestrat, 15, 08208 Sabadell, Barcelona",Sabadell,2.9,0,pending,2026-01-02,,False,,Empresa de calefacción,amb_barcelona_sin_web_20260102_223732.csv
BCN-0230,Reformas Barcelona,reformas cocina,+34692692364,+34 692 69 23 64,,Terrassa,1.5,0,pending,2026-01-02,,False,,Reformas de cocinas,amb_barcelona_sin_web_20260102_223732.csv
BCN-0231,CARPINTERIA DE ALUMINIO ALUXLINEA S.L.,carpintero aluminio,+34933537459,+34 933 53 74 59,"Carrer del Molí, 53, Nou Barris, 08016 Barcelona",Barcelona,1.0,0,pending,2026-01-02,,False,,Carpintero,amb_barcelona_sin_web_20260102_223732.csv
BCN-0232,Jardinero Eixample Barcelona,jardinero,+34617358100,+34 617 35 81 00,"Carrer de València, 307, Eixample, 08009 Barcelona",Barcelona,0.0,0,pending,2026-01-02,,False,,Servicios de mantenimiento arbóreo,amb_barcelona_sin_web_20260102_223732.csv
BCN-0233,Reformas.integral,reformas integrales,+34666657783,+34 666 65 77 83,"Avinguda de Tomàs Giménez, 08906 L'Hospitalet de Llobregat, Barcelona",L'Hospitalet de Llobregat,0.0,0,pending,2026-01-02,,False,,Reformas,amb_barcelona_sin_web_20260102_223732.csv
BCN-0234,O P Instal Sl | Electricista Hospitalet de Llobregat,electricista,+34640513060,+34 640 51 30 60,"Carrer de la Igualtat, 30, 08902 L'Hospitalet de Llobregat, Barcelona",L'Hospitalet de Llobregat,0.0,0,pending,2026-01-02,,False,,Electricista,amb_barcelona_sin_web_20260102_223732.csv
BCN-0235,Pintores La remunta,pintor decorator,+34680915013,+34 680 91 50 13,"Carrer Major, 78, 08901 L'Hospitalet de Llobregat, Barcelona",L'Hospitalet de Llobregat,0.0,0,pending,2026-01-02,,False,,Pintor,amb_barcelona_sin_web_20260102_223732.csv
BCN-0236,PINTOR MORA SL,pintor decorator,+34666555234,+34 666 55 52 34,"Carrer de Covadonga, 9, 08906 L'Hospitalet de Llobregat, Barcelona",L'Hospitalet de Llobregat,0.0,0,pending,2026-01-02,,False,,Pintor,amb_barcelona_sin_web_20260102_223732.csv
BCN-0237,Pintores Sant Josep,pintor decorator,+34612262690,+34 612 26 26 90,"Riera de la Creu, 23, 08901 L'Hospitalet de Llobregat, Barcelona",L'Hospitalet de Llobregat,0.0,0,pending,2026-01-02,,False,,Pintor,amb_barcelona_sin_web_20260102_223732.csv
BCN-0238,Decoart,pintor decorator,,,"Carr. de Collblanc, 08906 L'Hospitalet de Llobregat, Barcelona",L'Hospitalet de Llobregat,0.0,0,pending,2026-01-02,,False,,Pintor,amb_barcelona_sin_web_20260102_223732.csv
BCN-0239,Wally Pinturas,pintor decorator,,,"Carrer de Rosalia de Castro, 7, 08901 L'Hospitalet de Llobregat, Barcelona",L'Hospitalet de Llobregat,0.0,0,pending,2026-01-02,,False,,Pintor,amb_barcelona_sin_web_20260102_223732.csv
BCN-0240,Florworld Garden Services S L,jardinero,+34932637754,+34 932 63 77 54,"Gran Via, 08908 Hospitalet De Llobregat ( L'), Barcelona",L'Hospitalet de Llobregat,0.0,0,pending,2026-01-02,,False,,Jardinero,amb_barcelona_sin_web_20260102_223732.csv
BCN-0241,novanatura.jardineria,jardinero,+34622159411,+34 622 15 94 11,,L'Hospitalet de Llobregat,0.0,0,pending,2026-01-02,,False,,Jardinero,amb_barcelona_sin_web_20260102_223732.csv
BCN-0242,Cañamas Jardins,jardinero,+34646841146,+34 646 84 11 46,,L'Hospitalet de Llobregat,0.0,0,pending,2026-01-02,,False,,Jardinero,amb_barcelona_sin_web_20260102_223732.csv
BCN-0243,Jose Antonio Martinez López,jardinero,+34648528206,+34 648 52 82 06,,L'Hospitalet de Llobregat,0.0,0,pending,2026-01-02,,False,,Jardinero,amb_barcelona_sin_web_20260102_223732.csv
BCN-0244,FACHADAS Y BAJANTES S.L,limpieza fachadas,+34663904447,+34 663 90 44 47,"Carrer Llobregat, 53, 08904 L'Hospitalet de Llobregat, Barcelona",L'Hospitalet de Llobregat,0.0,0,pending,2026-01-02,,False,,Reformas,amb_barcelona_sin_web_20260102_223732.csv
BCN-0245,Fernando Herrera Hidalgo,pintor decorator,+34933984388,+34 933 98 43 88,"Carrer d'Europa, 93, 08913 Badalona, Barcelona",Badalona,0.0,0,pending,2026-01-02,,False,,Pintor,amb_barcelona_sin_web_20260102_223732.csv
BCN-0246,Abid Aslam,pintor decorator,,,"C/ NAPOLS 28, Pl: BJ, Pta: 01, 08914 Badalona, Barcelona",Badalona,0.0,0,pending,2026-01-02,,False,,Pintor,amb_barcelona_sin_web_20260102_223732.csv
BCN-0247,lbdeco es,pintor decorator,+34689325264,+34 689 32 52 64,"Av. Bufalà, 20, 08915 Badalona, Barcelona",Badalona,0.0,0,pending,2026-01-02,,False,,Pintor,amb_barcelona_sin_web_20260102_223732.csv
BCN-0248,ElTeuManyaBadalona,cerrajero,,,"Carrer d'En Prim, 08911 Badalona, Barcelona",Badalona,0.0,0,pending,2026-01-02,,False,,Servei de serralleria d’urgències,amb_barcelona_sin_web_20260102_223732.csv
BCN-0249,Averias 24 Horas,fontanero,+34698842727,+34 698 84 27 27,"Carrer de Moragas i Barret, 29, 08204 Sabadell, Barcelona",Sabadell,0.0,0,pending,2026-01-02,,False,,Fontanero,amb_barcelona_sin_web_20260102_223732.csv
BCN-0250,PINTADECOR. Sbd,pintor decorator,+34637880640,+34 637 88 06 40,"Carrer de Lope de Vega, 53, Local 5, 08204 Sabadell, Barcelona",Sabadell,0.0,0,pending,2026-01-02,,False,,Pintor,amb_barcelona_sin_web_20260102_223732.csv
BCN-0251,J.Lãzaro Aplicació Decorativa I Pintura,pintor decorator,,,"N-150, 565, 08204 Sabadell, Barcelona",Sabadell,0.0,0,pending,2026-01-02,,False,,Pintor,amb_barcelona_sin_web_20260102_223732.csv
BCN-0252,Joaquín Garrido Algaba,pintor decorator,,,"Carrer de Fàtima, 30, 08204 Sabadell, Barcelona",Sabadell,0.0,0,pending,2026-01-02,,False,,Pintor,amb_barcelona_sin_web_20260102_223732.csv
BCN-0253,Reformes Terrassa,reformas integrales,,,"Carrer de Cervantes, 22, 08221 Terrassa, Barcelona",Terrassa,0.0,0,pending,2026-01-02,,False,,Reformas,amb_barcelona_sin_web_20260102_223732.csv
BCN-0254,Reformas Integrales,reformas integrales,+34696137893,+34 696 13 78 93,"Passeig de Lluís Muncunill, 8, 08225 Terrassa, Barcelona",Terrassa,0.0,0,pending,2026-01-02,,False,,Contratista general,amb_barcelona_sin_web_20260102_223732.csv
BCN-0255,Electricistas terrassa,electricista,+34632203338,+34 632 20 33 38,,Terrassa,0.0,0,pending,2026-01-02,,False,,Servicio de instalación eléctrica,amb_barcelona_sin_web_20260102_223732.csv
BCN-0256,Electricistas Terrassa - Electricidad TerraElectra,electricista,+34631553318,+34 631 55 33 18,"Carrer d'Àngel Guimerà, 126, Can Palet, 08223 Terrassa, Barcelona",Terrassa,0.0,0,pending,2026-01-02,,False,,Electricista,amb_barcelona_sin_web_20260102_223732.csv
BCN-0257,Reformas integrales ArtService,reformas integrales,,,"08302 Mataró, Barcelona",Mataró,0.0,0,pending,2026-01-02,,False,,Empresa constructora,amb_barcelona_sin_web_20260102_223732.csv
BCN-0258,Desatascos Mataró ERM,fontanero,+34650514707,+34 650 51 47 07,,Mataró,0.0,0,pending,2026-01-02,,False,,Fontanero,amb_barcelona_sin_web_20260102_223732.csv
BCN-0259,Instaladores de Climatización,aire acondicionado,+34935921541,+34 935 92 15 41,"Camí Ral de la Mercè, 565, Local A, 08302 Mataró, Barcelona",Mataró,0.0,0,pending,2026-01-02,,False,,Tienda aire acondicionado,amb_barcelona_sin_web_20260102_223732.csv
BCN-0260,J R PINTORS,pintor decorator,+34606968639,+34 606 96 86 39,"Carrer Galícia, 78, local, 08303 Mataró, Barcelona",Mataró,0.0,0,pending,2026-01-02,,False,,Pintor,amb_barcelona_sin_web_20260102_223732.csv
BCN-0261,Eduard Sanchez Espin,pintor decorator,+34687424561,+34 687 42 45 61,"Passeig Carles Padrós, 67, 2, 08304 Mataró, Barcelona",Mataró,0.0,0,pending,2026-01-02,,False,,Pintor,amb_barcelona_sin_web_20260102_223732.csv
BCN-0262,Pintura y Decoración IMRAN,pintor decorator,,,"Carrer República Argentina, 25, 08304 Mataró, Barcelona",Mataró,0.0,0,pending,2026-01-02,,False,,Pintor,amb_barcelona_sin_web_20260102_223732.csv
BCN-0263,Fcc Medio Ambiente Jardins Mataró,jardinero,,,"Carrer Pacheco, 90, 08301 Mataró, Barcelona",Mataró,0.0,0,pending,2026-01-02,,False,,Jardinero,amb_barcelona_sin_web_20260102_223732.csv
BCN-0264,Jardinería Joan Cuquet,jardinero,+34669297303,+34 669 29 73 03,"Torrent d'en Pregària, 3, 08304 Mataró, Barcelona",Mataró,0.0,0,pending,2026-01-02,,False,,Jardinero,amb_barcelona_sin_web_20260102_223732.csv
BCN-0265,Monjardin.multiservice,jardinero,+34677770142,+34 677 77 01 42,"Plaça Joan XXIII, 6, 08304 Mataró, Barcelona",Mataró,0.0,0,pending,2026-01-02,,False,,Servicio de jardinería,amb_barcelona_sin_web_20260102_223732.csv
BCN-0266,Serraller Mataró 1980,cerrajero,+34711228551,+34 711 22 85 51,"Carrer Estrasburg, 08304 Mataró, Barcelona",Mataró,0.0,0,pending,2026-01-02,,False,,Servei de serralleria d’urgències,amb_barcelona_sin_web_20260102_223732.csv
BCN-0267,Ballús S.c.p.,carpintero aluminio,+34938791191,+34 938 79 11 91,"Carrer Francesc Tarafa, 2, 08402 Granollers, Barcelona",Granollers,0.0,0,pending,2026-01-02,,False,,Carpintería metálica y de aluminio,amb_barcelona_sin_web_20260102_223732.csv
BCN-0268,Agustín Rodríguez Lorite,fontanero,+34938700021,+34 938 70 00 21,"Carrer Uruguai, 5, 08402 Granollers, Barcelona",Granollers,0.0,0,pending,2026-01-02,,False,,Fontanero,amb_barcelona_sin_web_20260102_223732.csv
BCN-0269,OBRAS Y SERVICIOS NEMO ELECTRICISTA S. L,electricista,,,"Carrer de Girona, 32, LOCAL 4, 08402 Granollers, Barcelona",Granollers,0.0,0,pending,2026-01-02,,False,,Constructor,amb_barcelona_sin_web_20260102_223732.csv
BCN-0270,La Botiga Del Clima,aire acondicionado,,,"Carrer de Mollet, 22, 08401 Granollers, Barcelona",Granollers,0.0,0,pending,2026-01-02,,False,,Contratista de aire acondicionado,amb_barcelona_sin_web_20260102_223732.csv
BCN-0271,Pintura i Decoració Ramón,pintor decorator,+34610866724,+34 610 86 67 24,"Carrer Primer Marquès Franqueses, 146, 08402 Granollers, Barcelona",Granollers,0.0,0,pending,2026-01-02,,False,,Pintor,amb_barcelona_sin_web_20260102_223732.csv
BCN-0272,"Jose Barrios Pintor fino, limpio y responsable",pintor decorator,+34936942026,+34 936 94 20 26,"Carrer de Girona, 189, 08402 Granollers, Barcelona",Granollers,0.0,0,pending,2026-01-02,,False,,Pintor,amb_barcelona_sin_web_20260102_223732.csv
BCN-0273,Josep Maria Cabané,pintor decorator,,,"Av. de Marie Curie, 08402 Granollers, Barcelona",Granollers,0.0,0,pending,2026-01-02,,False,,Pintor,amb_barcelona_sin_web_20260102_223732.csv
BCN-0274,"Jorge Busamia, Sl",jardinero,+34938490405,+34 938 49 04 05,"Carrer de Joanot Martorell, 75, 08403 Granollers, Barcelona",Granollers,0.0,0,pending,2026-01-02,,False,,Centro de jardinería,amb_barcelona_sin_web_20260102_223732.csv
BCN-0275,Cerrajero Moises Granollers,cerrajero,,,"Carrer Vicenç Albarranch, 08402 Granollers, Barcelona",Granollers,0.0,0,pending,2026-01-02,,False,,Cerrajero,amb_barcelona_sin_web_20260102_223732.csv
BCN-0276,el teu serraller alfred,cerrajero,+34611044185,+34 611 04 41 85,"Carrer d'Alfons IV, 74, 08401 Granollers, Barcelona",Granollers,0.0,0,pending,2026-01-02,,False,,Servei de serralleria d’urgències,amb_barcelona_sin_web_20260102_223732.csv
BCN-0277,Serraller Soriano 1987,cerrajero,+34644044185,+34 644 04 41 85,"Carrer de Barcelona, 63, 08401 Granollers, Barcelona",Granollers,0.0,0,pending,2026-01-02,,False,,Servei de serralleria d’urgències,amb_barcelona_sin_web_20260102_223732.csv
BCN-0278,Novavida Reformas Integrales Sant Cugat,reformas integrales,+34640065170,+34 640 06 51 70,"Carrer del Rusc, 6, 08197 Sant Cugat del Vallès, Barcelona",Sant Cugat del Vallès,0.0,0,pending,2026-01-02,,False,,Reformas,amb_barcelona_sin_web_20260102_223732.csv
BCN-0279,REFORMAS INTEGRALES 24H S.L,reformas integrales,+34649974986,+34 649 97 49 86,,Sant Cugat del Vallès,0.0,0,pending,2026-01-02,,False,,Reformas,amb_barcelona_sin_web_20260102_223732.csv
BCN-0280,SZ Reformas Integrales,reformas integrales,+34647555626,+34 647 55 56 26,,Sant Cugat del Vallès,0.0,0,pending,2026-01-02,,False,,Reformas,amb_barcelona_sin_web_20260102_223732.csv
BCN-0281,Reformas al Cuadrado,reformas integrales,+34605052041,+34 605 05 20 41,"Carrer del Dos de Maig, 25, 1ª6ª, 08172 Sant Cugat del Vallès, Barcelona",Sant Cugat del Vallès,0.0,0,pending,2026-01-02,,False,,Reformas,amb_barcelona_sin_web_20260102_223732.csv
BCN-0282,Aroaluminis Tot En Alumini,carpintero aluminio,+34629992184,+34 629 99 21 84,"Passeig dels Til·lers, 21, 08198 Sant Cugat del Vallès, Barcelona",Sant Cugat del Vallès,0.0,0,pending,2026-01-02,,False,,Carpintería metálica y de aluminio,amb_barcelona_sin_web_20260102_223732.csv
BCN-0283,Jvc Profesional Europa Limited Sucursal En España,electricista,+34902513660,+34 902 51 36 60,"Carrer Sant Cugat, 88, 08173 Sant Cugat del Vallès, Barcelona",Sant Cugat del Vallès,0.0,0,pending,2026-01-02,,False,,Electricista,amb_barcelona_sin_web_20260102_223732.csv
BCN-0284,Tecnoelectric,electricista,+34614083860,+34 614 08 38 60,"Carrer de los Castillejos, 52, 08172 Sant Cugat del Vallès, Barcelona",Sant Cugat del Vallès,0.0,0,pending,2026-01-02,,False,,Electricista,amb_barcelona_sin_web_20260102_223732.csv
BCN-0285,3P Elèctric,electricista,,,"Carrer d'Aymerich, 08173 Sant Cugat del Vallès, Barcelona",Sant Cugat del Vallès,0.0,0,pending,2026-01-02,,False,,Electricista,amb_barcelona_sin_web_20260102_223732.csv
BCN-0286,Integral de Ingeniería e Instalaciones S L,electricista,+34936222180,+34 936 22 21 80,"Avinguda de Cerdanyola, 79, 08172 Sant Cugat del Vallès, Barcelona",Sant Cugat del Vallès,0.0,0,pending,2026-01-02,,False,,Electricista,amb_barcelona_sin_web_20260102_223732.csv
BCN-0287,Neix Instalnova 25,electricista,+34936748060,+34 936 74 80 60,"Passatge de la Diputació, 46, 08172 Sant Cugat del Vallès, Barcelona",Sant Cugat del Vallès,0.0,0,pending,2026-01-02,,False,,Electricista,amb_barcelona_sin_web_20260102_223732.csv
BCN-0288,Cofely España S A U,electricista,+34935848859,+34 935 84 88 59,"Carrer del Sena, 08174 Sant Cugat del Vallès, Barcelona",Sant Cugat del Vallès,0.0,0,pending,2026-01-02,,False,,Electricista,amb_barcelona_sin_web_20260102_223732.csv
BCN-0289,Calderas y Aire Acondicionado Sant Cugat 659319761,aire acondicionado,,,"Carrer del Vallès, 10, 08172 Sant Cugat del Vallès, Barcelona",Sant Cugat del Vallès,0.0,0,pending,2026-01-02,,False,,Empresa de climatización,amb_barcelona_sin_web_20260102_223732.csv
BCN-0290,Instaladores Placas Solares,instalador placas solares,+34653113538,+34 653 11 35 38,"Pg. de Francesc Macià, 84, 1- 4, 08173 Sant Cugat del Vallès, Barcelona",Sant Cugat del Vallès,0.0,0,pending,2026-01-02,,False,,Proveedor de energía ecológica,amb_barcelona_sin_web_20260102_223732.csv
BCN-0291,SerrallerAndreus,cerrajero,,,"Carrer del Carme, 08172 Sant Cugat del Vallès, Barcelona",Sant Cugat del Vallès,0.0,0,pending,2026-01-02,,False,,Cerrajero,amb_barcelona_sin_web_20260102_223732.csv
BCN-TEST,Lampistería Maverick,lampista,+34671429320,+34 671 42 9 320,"Carrer Harmonia n7, Barcelona",Barcelona,5.0,1,pending,2026-01-04,,False,,Lampista,test_manual.csv
